modulo,columna,dtype,nunique,pct_nulos_antes,pct_nulos_despues,pct_centinela,n_centinela_muestra
modulo02_miembros,AÑO,int64,1,0.0,0.0,0.0,0
modulo02_miembros,MES,int64,1,0.0,0.0,0.0,0
modulo02_miembros,CONGLOME,int64,231,0.0,0.0,0.0,0
modulo02_miembros,VIVIENDA,int64,262,0.0,0.0,0.0,0
modulo02_miembros,HOGAR,int64,6,0.0,0.0,0.0,0
modulo02_miembros,CODPERSO,int64,16,0.0,0.0,0.0,0
modulo02_miembros,UBIGEO,int64,172,0.0,0.0,0.0,0
modulo02_miembros,DOMINIO,int64,8,0.0,0.0,0.0,0
modulo02_miembros,ESTRATO,int64,8,0.0,0.0,0.0,0
modulo02_miembros,P201P,int64,5000,0.0,0.0,0.0,0
modulo02_miembros,P203,int64,11,0.0,0.0,0.0,0
modulo02_miembros,P203A,str,5,0.0,0.0,0.0,0
modulo02_miembros,P203B,str,6,0.0,0.0,0.0,0
modulo02_miembros,P204,str,3,0.0,0.0,0.0,0
modulo02_miembros,P205,str,3,0.0,0.0,0.0,0
modulo02_miembros,P206,str,3,0.0,0.0,0.0,0
modulo02_miembros,P207,str,3,0.0,0.0,0.0,0
modulo02_miembros,P208A,str,100,0.0,0.0,0.0,0
modulo02_miembros,P208B,str,13,0.0,0.0,0.0,0
modulo02_miembros,P209,str,7,0.0,0.0,0.0,0
modulo02_miembros,P210,str,3,0.0,0.0,0.0,0
modulo02_miembros,P211A,str,8,0.0,0.0,0.0,0
modulo02_miembros,P211D,str,39,0.0,0.0,0.0,0
modulo02_miembros,OCUPAC_R3,str,14,0.0,0.0,0.0,0
modulo02_miembros,OCUPAC_R4,str,15,0.0,0.0,0.0,0
modulo02_miembros,RAMA_R3,str,19,0.0,0.0,0.0,0
modulo02_miembros,RAMA_R4,str,29,0.0,0.0,0.0,0
modulo02_miembros,CODTAREA,str,3,0.0,0.0,0.0,0
modulo02_miembros,CODTIEMPO,str,3,0.0,0.0,0.0,0
modulo02_miembros,P212,str,14,0.0,0.0,0.0,0
modulo02_miembros,P213,str,14,0.0,0.0,0.0,0
modulo02_miembros,P214,str,13,0.0,0.0,0.0,0
modulo02_miembros,P215,str,13,0.0,0.0,0.0,0
modulo02_miembros,P216,str,3,0.0,0.0,0.0,0
modulo02_miembros,P217,str,4,0.0,0.0,0.0,0
modulo02_miembros,T211,str,9,0.0,0.0,0.0,0
modulo02_miembros,TICUEST01,int64,1,0.0,0.0,0.0,0
modulo02_miembros,FACPOB07,str,107,0.0,0.0,0.0,0
modulo02_miembros,NCONGLOME,int64,231,0.0,0.0,0.0,0
modulo02_miembros,SUB_CONGLOME,int64,4,0.0,0.0,0.0,0
modulo03_educacion,AÑO,int64,1,0.0,0.0,0.0,0
modulo03_educacion,MES,int64,1,0.0,0.0,0.0,0
modulo03_educacion,CONGLOME,int64,258,0.0,0.0,0.0,0
modulo03_educacion,VIVIENDA,int64,266,0.0,0.0,0.0,0
modulo03_educacion,HOGAR,int64,6,0.0,0.0,0.0,0
modulo03_educacion,CODPERSO,int64,12,0.0,0.0,0.0,0
modulo03_educacion,UBIGEO,int64,186,0.0,0.0,0.0,0
modulo03_educacion,DOMINIO,int64,8,0.0,0.0,0.0,0
modulo03_educacion,ESTRATO,int64,8,0.0,0.0,0.0,0
modulo03_educacion,CODINFOR,int64,11,0.0,0.0,0.0,0
modulo03_educacion,P300N,int64,12,0.0,0.0,0.0,0
modulo03_educacion,P300I,int64,11,0.0,0.0,0.0,0
modulo03_educacion,P300A,int64,12,0.0,0.0,0.0,0
modulo03_educacion,P301A,int64,12,0.0,0.0,0.0,0
modulo03_educacion,P301B,str,9,0.0,0.0,0.0,0
modulo03_educacion,P301C,str,8,0.0,0.0,0.0,0
modulo03_educacion,P301D,str,3,0.0,0.0,0.0,0
modulo03_educacion,P301A0,str,4,0.0,0.0,0.0,0
modulo03_educacion,P301A1,str,218,0.0,0.0,0.0,0
modulo03_educacion,P301B0,str,3,0.0,0.0,0.0,0
modulo03_educacion,P301B1,str,315,0.0,0.0,0.0,0
modulo03_educacion,P301B3,str,24,0.0,0.0,0.0,0
modulo03_educacion,P302,str,3,0.0,0.0,0.0,0
modulo03_educacion,P302X,str,4,0.0,0.0,0.0,0
modulo03_educacion,P303,int64,2,0.0,0.0,0.0,0
modulo03_educacion,P304A,str,8,0.0,0.0,0.0,0
modulo03_educacion,P304B,str,9,0.0,0.0,0.0,0
modulo03_educacion,P304C,str,7,0.0,0.0,0.0,0
modulo03_educacion,P304D,str,3,0.0,0.0,0.0,0
modulo03_educacion,P305,str,6,0.0,0.0,0.0,0
modulo03_educacion,P306,int64,2,0.0,0.0,0.0,0
modulo03_educacion,P307,str,3,0.0,0.0,0.0,0
modulo03_educacion,P307D,str,3,0.0,0.0,0.0,0
modulo03_educacion,P308A,str,7,0.0,0.0,0.0,0
modulo03_educacion,P308B,str,9,0.0,0.0,0.0,0
modulo03_educacion,P308C,str,7,0.0,0.0,0.0,0
modulo03_educacion,P308D,str,3,0.0,0.0,0.0,0
modulo03_educacion,P308B1,str,5,0.0,0.0,0.0,0
modulo03_educacion,P308B2,str,5,0.0,0.0,0.0,0
modulo03_educacion,P308B3,str,5,0.0,0.0,0.0,0
modulo03_educacion,P308B4,str,3,0.0,0.0,0.0,0
modulo03_educacion,P308B5,str,3,0.0,0.0,0.0,0
modulo03_educacion,P308C1,str,4,0.0,0.0,0.0,0
modulo03_educacion,P308C2,str,31,0.0,0.0,0.0,0
modulo03_educacion,P310,int64,2,0.0,0.0,0.0,0
modulo03_educacion,P310B1,str,3,0.0,0.0,0.0,0
modulo03_educacion,P310C0,str,2,0.0,0.0,0.0,0
modulo03_educacion,P310C1,str,49,0.0,0.0,0.0,0
modulo03_educacion,P310D1,str,4,0.0,0.0,0.0,0
modulo03_educacion,P310D2,str,13,0.0,0.0,0.0,0
modulo03_educacion,P310E0,str,3,0.0,0.0,0.0,0
modulo03_educacion,P310E1,str,100,0.0,0.0,0.0,0
modulo03_educacion,P310E3,str,20,0.0,0.0,0.0,0
modulo03_educacion,P311N$1,str,2,0.0,0.0,0.0,0
modulo03_educacion,P311N$2,str,2,0.0,0.0,0.0,0
modulo03_educacion,P311N$3,str,2,0.0,0.0,0.0,0
modulo03_educacion,P311N$4,str,2,0.0,0.0,0.0,0
modulo03_educacion,P311N$5,str,2,0.0,0.0,0.0,0
modulo03_educacion,P311N$6,str,2,0.0,0.0,0.0,0
modulo03_educacion,P311N$7,str,2,0.0,0.0,0.0,0
modulo03_educacion,P311N$8,str,2,0.0,0.0,0.0,0
modulo03_educacion,P311N$9,str,2,0.0,0.0,0.0,0
modulo03_educacion,P311$1,str,3,0.0,0.0,0.0,0
modulo03_educacion,P311$2,str,3,0.0,0.0,0.0,0
modulo03_educacion,P311$3,str,3,0.0,0.0,0.0,0
modulo03_educacion,P311$4,str,3,0.0,0.0,0.0,0
modulo03_educacion,P311$5,str,3,0.0,0.0,0.0,0
modulo03_educacion,P311$6,str,3,0.0,0.0,0.0,0
modulo03_educacion,P311$7,str,3,0.0,0.0,0.0,0
modulo03_educacion,P311$8,str,3,0.0,0.0,0.0,0
modulo03_educacion,P311$9,str,3,0.0,0.0,0.0,0
modulo03_educacion,P311A1$1,str,3,0.0,0.0,0.0,0
modulo03_educacion,P311A1$2,str,3,0.0,0.0,0.0,0
modulo03_educacion,P311A1$3,str,2,0.0,0.0,0.0,0
modulo03_educacion,P311A1$4,str,3,0.0,0.0,0.0,0
modulo03_educacion,P311A1$5,str,3,0.0,0.0,0.0,0
modulo03_educacion,P311A1$6,str,3,0.0,0.0,0.0,0
modulo03_educacion,P311A1$7,str,3,0.0,0.0,0.0,0
modulo03_educacion,P311A1$8,str,1,0.0,0.0,0.0,0
modulo03_educacion,P311A1$9,str,1,0.0,0.0,0.0,0
modulo03_educacion,P311A2$1,str,2,0.0,0.0,0.0,0
modulo03_educacion,P311A2$2,str,2,0.0,0.0,0.0,0
modulo03_educacion,P311A2$3,str,2,0.0,0.0,0.0,0
modulo03_educacion,P311A2$4,str,2,0.0,0.0,0.0,0
modulo03_educacion,P311A2$5,str,2,0.0,0.0,0.0,0
modulo03_educacion,P311A2$6,str,2,0.0,0.0,0.0,0
modulo03_educacion,P311A2$7,str,3,0.0,0.0,0.0,0
modulo03_educacion,P311A2$8,str,1,0.0,0.0,0.0,0
modulo03_educacion,P311A2$9,str,1,0.0,0.0,0.0,0
modulo03_educacion,P311A3$1,str,2,0.0,0.0,0.0,0
modulo03_educacion,P311A3$2,str,2,0.0,0.0,0.0,0
modulo03_educacion,P311A3$3,str,2,0.0,0.0,0.0,0
modulo03_educacion,P311A3$4,str,2,0.0,0.0,0.0,0
modulo03_educacion,P311A3$5,str,2,0.0,0.0,0.0,0
modulo03_educacion,P311A3$6,str,2,0.0,0.0,0.0,0
modulo03_educacion,P311A3$7,str,3,0.0,0.0,0.0,0
modulo03_educacion,P311A3$8,str,1,0.0,0.0,0.0,0
modulo03_educacion,P311A3$9,str,1,0.0,0.0,0.0,0
modulo03_educacion,P311A4$1,str,2,0.0,0.0,0.0,0
modulo03_educacion,P311A4$2,str,2,0.0,0.0,0.0,0
modulo03_educacion,P311A4$3,str,2,0.0,0.0,0.0,0
modulo03_educacion,P311A4$4,str,2,0.0,0.0,0.0,0
modulo03_educacion,P311A4$5,str,2,0.0,0.0,0.0,0
modulo03_educacion,P311A4$6,str,2,0.0,0.0,0.0,0
modulo03_educacion,P311A4$7,str,3,0.0,0.0,0.0,0
modulo03_educacion,P311A4$8,str,1,0.0,0.0,0.0,0
modulo03_educacion,P311A4$9,str,1,0.0,0.0,0.0,0
modulo03_educacion,P311A5$1,str,3,0.0,0.0,0.0,0
modulo03_educacion,P311A5$2,str,3,0.0,0.0,0.0,0
modulo03_educacion,P311A5$3,str,3,0.0,0.0,0.0,0
modulo03_educacion,P311A5$4,str,3,0.0,0.0,0.0,0
modulo03_educacion,P311A5$5,str,3,0.0,0.0,0.0,0
modulo03_educacion,P311A5$6,str,3,0.0,0.0,0.0,0
modulo03_educacion,P311A5$7,str,3,0.0,0.0,0.0,0
modulo03_educacion,P311A5$8,str,1,0.0,0.0,0.0,0
modulo03_educacion,P311A5$9,str,1,0.0,0.0,0.0,0
modulo03_educacion,P311A6$1,str,3,0.0,0.0,0.0,0
modulo03_educacion,P311A6$2,str,3,0.0,0.0,0.0,0
modulo03_educacion,P311A6$3,str,2,0.0,0.0,0.0,0
modulo03_educacion,P311A6$4,str,3,0.0,0.0,0.0,0
modulo03_educacion,P311A6$5,str,3,0.0,0.0,0.0,0
modulo03_educacion,P311A6$6,str,2,0.0,0.0,0.0,0
modulo03_educacion,P311A6$7,str,3,0.0,0.0,0.0,0
modulo03_educacion,P311A6$8,str,2,0.0,0.0,0.0,0
modulo03_educacion,P311A6$9,str,2,0.0,0.0,0.0,0
modulo03_educacion,P311A7$1,str,2,0.0,0.0,0.0,0
modulo03_educacion,P311A7$2,str,2,0.0,0.0,0.0,0
modulo03_educacion,P311A7$3,str,2,0.0,0.0,0.0,0
modulo03_educacion,P311A7$4,str,3,0.0,0.0,0.0,0
modulo03_educacion,P311A7$5,str,2,0.0,0.0,0.0,0
modulo03_educacion,P311A7$6,str,2,0.0,0.0,0.0,0
modulo03_educacion,P311A7$7,str,3,0.0,0.0,0.0,0
modulo03_educacion,P311A7$8,str,1,0.0,0.0,0.0,0
modulo03_educacion,P311A7$9,str,1,0.0,0.0,0.0,0
modulo03_educacion,P311B$1,str,288,0.0,0.0,0.0,0
modulo03_educacion,P311B$2,str,212,0.0,0.0,0.0,0
modulo03_educacion,P311B$3,str,66,0.0,0.0,0.0,0
modulo03_educacion,P311B$4,str,360,0.0,0.0,0.0,0
modulo03_educacion,P311B$5,str,310,0.0,0.0,0.0,0
modulo03_educacion,P311B$6,str,105,0.0,0.0,0.0,0
modulo03_educacion,P311B$7,str,609,0.0,0.0,0.0,0
modulo03_educacion,P311B$8,str,1,0.0,0.0,0.0,0
modulo03_educacion,P311B$9,str,1,0.0,0.0,0.0,0
modulo03_educacion,P311C$1,str,11,0.0,0.0,0.0,0
modulo03_educacion,P311C$2,str,10,0.0,0.0,0.0,0
modulo03_educacion,P311C$3,str,9,0.0,0.0,0.0,0
modulo03_educacion,P311C$4,str,11,0.0,0.0,0.0,0
modulo03_educacion,P311C$5,str,1,0.0,0.0,0.0,0
modulo03_educacion,P311C$6,str,1,0.0,0.0,0.0,0
modulo03_educacion,P311C$7,str,11,0.0,0.0,0.0,0
modulo03_educacion,P311C$8,str,1,0.0,0.0,0.0,0
modulo03_educacion,P311C$9,str,1,0.0,0.0,0.0,0
modulo03_educacion,P311D$1,str,57,0.0,0.0,0.0,0
modulo03_educacion,P311D$2,str,59,0.0,0.0,0.0,0
modulo03_educacion,P311D$3,str,2,0.0,0.0,0.0,0
modulo03_educacion,P311D$4,str,196,0.0,0.0,0.0,0
modulo03_educacion,P311D$5,str,42,0.0,0.0,0.0,0
modulo03_educacion,P311D$6,str,13,0.0,0.0,0.0,0
modulo03_educacion,P311D$7,str,134,0.0,0.0,0.0,0
modulo03_educacion,P311D$8,str,2,0.0,0.0,0.0,0
modulo03_educacion,P311D$9,str,10,0.0,0.0,0.0,0
modulo03_educacion,P311D2$1,str,1,0.0,0.0,0.0,0
modulo03_educacion,P311D2$2,str,1,0.0,0.0,0.0,0
modulo03_educacion,P311D2$3,str,1,0.0,0.0,0.0,0
modulo03_educacion,P311D2$4,str,1,0.0,0.0,0.0,0
modulo03_educacion,P311D2$5,str,1,0.0,0.0,0.0,0
modulo03_educacion,P311D2$6,str,1,0.0,0.0,0.0,0
modulo03_educacion,P311D2$7,str,2,0.0,0.0,0.0,0
modulo03_educacion,P311D2$8,str,1,0.0,0.0,0.0,0
modulo03_educacion,P311D2$9,str,1,0.0,0.0,0.0,0
modulo03_educacion,P311D3$1,str,1,0.0,0.0,0.0,0
modulo03_educacion,P311D3$2,str,1,0.0,0.0,0.0,0
modulo03_educacion,P311D3$3,str,1,0.0,0.0,0.0,0
modulo03_educacion,P311D3$4,str,1,0.0,0.0,0.0,0
modulo03_educacion,P311D3$5,str,1,0.0,0.0,0.0,0
modulo03_educacion,P311D3$6,str,1,0.0,0.0,0.0,0
modulo03_educacion,P311D3$7,str,2,0.0,0.0,0.0,0
modulo03_educacion,P311D3$8,str,1,0.0,0.0,0.0,0
modulo03_educacion,P311D3$9,str,1,0.0,0.0,0.0,0
modulo03_educacion,P311D4$1,str,1,0.0,0.0,0.0,0
modulo03_educacion,P311D4$2,str,1,0.0,0.0,0.0,0
modulo03_educacion,P311D4$3,str,1,0.0,0.0,0.0,0
modulo03_educacion,P311D4$4,str,1,0.0,0.0,0.0,0
modulo03_educacion,P311D4$5,str,1,0.0,0.0,0.0,0
modulo03_educacion,P311D4$6,str,1,0.0,0.0,0.0,0
modulo03_educacion,P311D4$7,str,22,0.0,0.0,0.0,0
modulo03_educacion,P311D4$8,str,1,0.0,0.0,0.0,0
modulo03_educacion,P311D4$9,str,1,0.0,0.0,0.0,0
modulo03_educacion,P311D5$1,str,57,0.0,0.0,0.0,0
modulo03_educacion,P311D5$2,str,59,0.0,0.0,0.0,0
modulo03_educacion,P311D5$3,str,2,0.0,0.0,0.0,0
modulo03_educacion,P311D5$4,str,73,0.0,0.0,0.0,0
modulo03_educacion,P311D5$5,str,39,0.0,0.0,0.0,0
modulo03_educacion,P311D5$6,str,13,0.0,0.0,0.0,0
modulo03_educacion,P311D5$7,str,128,0.0,0.0,0.0,0
modulo03_educacion,P311D5$8,str,1,0.0,0.0,0.0,0
modulo03_educacion,P311D5$9,str,1,0.0,0.0,0.0,0
modulo03_educacion,P311D6$1,str,3,0.0,0.0,0.0,0
modulo03_educacion,P311D6$2,str,2,0.0,0.0,0.0,0
modulo03_educacion,P311D6$3,str,1,0.0,0.0,0.0,0
modulo03_educacion,P311D6$4,str,160,0.0,0.0,0.0,0
modulo03_educacion,P311D6$5,str,6,0.0,0.0,0.0,0
modulo03_educacion,P311D6$6,str,1,0.0,0.0,0.0,0
modulo03_educacion,P311D6$7,str,9,0.0,0.0,0.0,0
modulo03_educacion,P311D6$8,str,2,0.0,0.0,0.0,0
modulo03_educacion,P311D6$9,str,10,0.0,0.0,0.0,0
modulo03_educacion,P311D7$1,str,1,0.0,0.0,0.0,0
modulo03_educacion,P311D7$2,str,1,0.0,0.0,0.0,0
modulo03_educacion,P311D7$3,str,1,0.0,0.0,0.0,0
modulo03_educacion,P311D7$4,str,2,0.0,0.0,0.0,0
modulo03_educacion,P311D7$5,str,1,0.0,0.0,0.0,0
modulo03_educacion,P311D7$6,str,1,0.0,0.0,0.0,0
modulo03_educacion,P311D7$7,str,4,0.0,0.0,0.0,0
modulo03_educacion,P311D7$8,str,1,0.0,0.0,0.0,0
modulo03_educacion,P311D7$9,str,1,0.0,0.0,0.0,0
modulo03_educacion,P311E$1,str,7,0.0,0.0,0.0,0
modulo03_educacion,P311E$2,str,5,0.0,0.0,0.0,0
modulo03_educacion,P311E$3,str,7,0.0,0.0,0.0,0
modulo03_educacion,P311E$4,str,22,0.0,0.0,0.0,0
modulo03_educacion,P311E$5,str,5,0.0,0.0,0.0,0
modulo03_educacion,P311E$6,str,2,0.0,0.0,0.0,0
modulo03_educacion,P311E$7,str,102,0.0,0.0,0.0,0
modulo03_educacion,P311E$8,str,1,0.0,0.0,0.0,0
modulo03_educacion,P311E$9,str,1,0.0,0.0,0.0,0
modulo03_educacion,P311T1,str,965,0.0,0.0,0.0,0
modulo03_educacion,P311T22,str,2,0.0,0.0,0.0,0
modulo03_educacion,P311T23,str,2,0.0,0.0,0.0,0
modulo03_educacion,P311T24,str,21,0.0,0.0,0.0,0
modulo03_educacion,P311T25,str,128,0.0,0.0,0.0,0
modulo03_educacion,P311T26,str,63,0.0,0.0,0.0,0
modulo03_educacion,P311T27,str,5,0.0,0.0,0.0,0
modulo03_educacion,P311T2,str,170,0.0,0.0,0.0,0
modulo03_educacion,P3121,str,3,0.0,0.0,0.0,0
modulo03_educacion,P3121A1,str,3,0.0,0.0,0.0,0
modulo03_educacion,P3121A2,str,2,0.0,0.0,0.0,0
modulo03_educacion,P3121A3,str,2,0.0,0.0,0.0,0
modulo03_educacion,P3121A4,str,3,0.0,0.0,0.0,0
modulo03_educacion,P3121A5,str,3,0.0,0.0,0.0,0
modulo03_educacion,P3121A6,str,3,0.0,0.0,0.0,0
modulo03_educacion,P3121B,str,240,0.0,0.0,0.0,0
modulo03_educacion,P3121C,str,45,0.0,0.0,0.0,0
modulo03_educacion,P3121C2,str,1,0.0,0.0,0.0,0
modulo03_educacion,P3121C3,str,1,0.0,0.0,0.0,0
modulo03_educacion,P3121C4,str,41,0.0,0.0,0.0,0
modulo03_educacion,P3121C5,str,6,0.0,0.0,0.0,0
modulo03_educacion,P3121C6,str,2,0.0,0.0,0.0,0
modulo03_educacion,P3121D,str,12,0.0,0.0,0.0,0
modulo03_educacion,P3122,str,3,0.0,0.0,0.0,0
modulo03_educacion,P3122A1,str,2,0.0,0.0,0.0,0
modulo03_educacion,P3122A2,str,2,0.0,0.0,0.0,0
modulo03_educacion,P3122A3,str,2,0.0,0.0,0.0,0
modulo03_educacion,P3122A4,str,3,0.0,0.0,0.0,0
modulo03_educacion,P3122A5,str,2,0.0,0.0,0.0,0
modulo03_educacion,P3122A6,str,2,0.0,0.0,0.0,0
modulo03_educacion,P3122B,str,11,0.0,0.0,0.0,0
modulo03_educacion,P3122C,str,2,0.0,0.0,0.0,0
modulo03_educacion,P3122C2,str,1,0.0,0.0,0.0,0
modulo03_educacion,P3122C3,str,1,0.0,0.0,0.0,0
modulo03_educacion,P3122C4,str,2,0.0,0.0,0.0,0
modulo03_educacion,P3122C5,str,1,0.0,0.0,0.0,0
modulo03_educacion,P3122C6,str,1,0.0,0.0,0.0,0
modulo03_educacion,P3122D,str,3,0.0,0.0,0.0,0
modulo03_educacion,P312T1,str,244,0.0,0.0,0.0,0
modulo03_educacion,P312T22,str,1,0.0,0.0,0.0,0
modulo03_educacion,P312T23,str,1,0.0,0.0,0.0,0
modulo03_educacion,P312T24,str,42,0.0,0.0,0.0,0
modulo03_educacion,P312T25,str,6,0.0,0.0,0.0,0
modulo03_educacion,P312T26,str,2,0.0,0.0,0.0,0
modulo03_educacion,P312T2,str,45,0.0,0.0,0.0,0
modulo03_educacion,P313,str,12,0.0,0.0,0.0,0
modulo03_educacion,P314A,str,3,0.0,0.0,0.0,0
modulo03_educacion,P314B$1,str,3,0.0,0.0,0.0,0
modulo03_educacion,P314B$2,str,3,0.0,0.0,0.0,0
modulo03_educacion,P314B$3,str,3,0.0,0.0,0.0,0
modulo03_educacion,P314B$4,str,3,0.0,0.0,0.0,0
modulo03_educacion,P314B$5,str,3,0.0,0.0,0.0,0
modulo03_educacion,P314B$6,str,3,0.0,0.0,0.0,0
modulo03_educacion,P314B$7,str,3,0.0,0.0,0.0,0
modulo03_educacion,P314B1_1,str,3,0.0,0.0,0.0,0
modulo03_educacion,P314B1_2,str,3,0.0,0.0,0.0,0
modulo03_educacion,P314B1_6,str,3,0.0,0.0,0.0,0
modulo03_educacion,P314B1_7,str,3,0.0,0.0,0.0,0
modulo03_educacion,P314B1_8,str,3,0.0,0.0,0.0,0
modulo03_educacion,P314B1_9,str,3,0.0,0.0,0.0,0
modulo03_educacion,P314D,str,4,0.0,0.0,0.0,0
modulo03_educacion,P3151,str,3,0.0,0.0,0.0,0
modulo03_educacion,P3152,str,2,0.0,0.0,0.0,0
modulo03_educacion,P3153,str,2,0.0,0.0,0.0,0
modulo03_educacion,P3154,str,3,0.0,0.0,0.0,0
modulo03_educacion,P3155,str,2,0.0,0.0,0.0,0
modulo03_educacion,P3156,str,2,0.0,0.0,0.0,0
modulo03_educacion,P315A,str,6,0.0,0.0,0.0,0
modulo03_educacion,P315B,str,2,0.0,0.0,0.0,0
modulo03_educacion,P315B2,str,1,0.0,0.0,0.0,0
modulo03_educacion,P315B3,str,1,0.0,0.0,0.0,0
modulo03_educacion,P315B4,str,2,0.0,0.0,0.0,0
modulo03_educacion,P315B5,str,1,0.0,0.0,0.0,0
modulo03_educacion,P315B6,str,1,0.0,0.0,0.0,0
modulo03_educacion,P316$1,str,3,0.0,0.0,0.0,0
modulo03_educacion,P316$2,str,3,0.0,0.0,0.0,0
modulo03_educacion,P316$3,str,3,0.0,0.0,0.0,0
modulo03_educacion,P316$4,str,3,0.0,0.0,0.0,0
modulo03_educacion,P316$5,str,3,0.0,0.0,0.0,0
modulo03_educacion,P316$6,str,3,0.0,0.0,0.0,0
modulo03_educacion,P316$7,str,3,0.0,0.0,0.0,0
modulo03_educacion,P316$8,str,3,0.0,0.0,0.0,0
modulo03_educacion,P316$9,str,3,0.0,0.0,0.0,0
modulo03_educacion,P316$10,str,2,0.0,0.0,0.0,0
modulo03_educacion,P316$11,str,2,0.0,0.0,0.0,0
modulo03_educacion,P316$12,str,3,0.0,0.0,0.0,0
modulo03_educacion,P316A1,str,3,0.0,0.0,0.0,0
modulo03_educacion,P316A2,str,3,0.0,0.0,0.0,0
modulo03_educacion,P316A3,str,3,0.0,0.0,0.0,0
modulo03_educacion,P316A4,str,3,0.0,0.0,0.0,0
modulo03_educacion,P316A5,str,3,0.0,0.0,0.0,0
modulo03_educacion,P316A6,str,3,0.0,0.0,0.0,0
modulo03_educacion,P316B,str,3,0.0,0.0,0.0,0
modulo03_educacion,P316C1,str,3,0.0,0.0,0.0,0
modulo03_educacion,P316C2,str,3,0.0,0.0,0.0,0
modulo03_educacion,P316C3,str,3,0.0,0.0,0.0,0
modulo03_educacion,P316C4,str,3,0.0,0.0,0.0,0
modulo03_educacion,P316C5,str,3,0.0,0.0,0.0,0
modulo03_educacion,P316C6,str,3,0.0,0.0,0.0,0
modulo03_educacion,P316C7,str,3,0.0,0.0,0.0,0
modulo03_educacion,P316C8,str,3,0.0,0.0,0.0,0
modulo03_educacion,P316C9,str,3,0.0,0.0,0.0,0
modulo03_educacion,P316C10,str,3,0.0,0.0,0.0,0
modulo03_educacion,T313A,str,12,0.0,0.0,0.0,0
modulo03_educacion,P203,int64,10,0.0,0.0,0.0,0
modulo03_educacion,P204,int64,2,0.0,0.0,0.0,0
modulo03_educacion,P205,str,3,0.0,0.0,0.0,0
modulo03_educacion,P206,str,2,0.0,0.0,0.0,0
modulo03_educacion,P207,int64,2,0.0,0.0,0.0,0
modulo03_educacion,P208A,int64,96,0.0,0.0,0.0,0
modulo03_educacion,P209,str,7,0.0,0.0,0.0,0
modulo03_educacion,IMPUTADO,str,2,0.0,0.0,0.0,0
modulo03_educacion,TICUEST01A,int64,1,0.0,0.0,0.0,0
modulo03_educacion,D311B$1,str,307,0.0,0.0,0.0,0
modulo03_educacion,D311D2$1,str,1,0.0,0.0,0.0,0
modulo03_educacion,D311D3$1,str,1,0.0,0.0,0.0,0
modulo03_educacion,D311D4$1,str,1,0.0,0.0,0.0,0
modulo03_educacion,D311D5$1,str,60,0.0,0.0,0.0,0
modulo03_educacion,D311D6$1,str,3,0.0,0.0,0.0,0
modulo03_educacion,D311D7$1,str,1,0.0,0.0,0.0,0
modulo03_educacion,D311D$1,str,61,0.0,0.0,0.0,0
modulo03_educacion,D311B$2,str,228,0.0,0.0,0.0,0
modulo03_educacion,D311D2$2,str,1,0.0,0.0,0.0,0
modulo03_educacion,D311D3$2,str,1,0.0,0.0,0.0,0
modulo03_educacion,D311D4$2,str,1,0.0,0.0,0.0,0
modulo03_educacion,D311D5$2,str,61,0.0,0.0,0.0,0
modulo03_educacion,D311D6$2,str,2,0.0,0.0,0.0,0
modulo03_educacion,D311D7$2,str,1,0.0,0.0,0.0,0
modulo03_educacion,D311D$2,str,61,0.0,0.0,0.0,0
modulo03_educacion,D311B$3,str,69,0.0,0.0,0.0,0
modulo03_educacion,D311D2$3,str,1,0.0,0.0,0.0,0
modulo03_educacion,D311D3$3,str,1,0.0,0.0,0.0,0
modulo03_educacion,D311D4$3,str,1,0.0,0.0,0.0,0
modulo03_educacion,D311D5$3,str,2,0.0,0.0,0.0,0
modulo03_educacion,D311D6$3,str,1,0.0,0.0,0.0,0
modulo03_educacion,D311D7$3,str,1,0.0,0.0,0.0,0
modulo03_educacion,D311D$3,str,2,0.0,0.0,0.0,0
modulo03_educacion,D311B$4,str,396,0.0,0.0,0.0,0
modulo03_educacion,D311D2$4,str,1,0.0,0.0,0.0,0
modulo03_educacion,D311D3$4,str,1,0.0,0.0,0.0,0
modulo03_educacion,D311D4$4,str,1,0.0,0.0,0.0,0
modulo03_educacion,D311D5$4,str,92,0.0,0.0,0.0,0
modulo03_educacion,D311D6$4,str,185,0.0,0.0,0.0,0
modulo03_educacion,D311D7$4,str,2,0.0,0.0,0.0,0
modulo03_educacion,D311D$4,str,232,0.0,0.0,0.0,0
modulo03_educacion,D311B$5,str,321,0.0,0.0,0.0,0
modulo03_educacion,D311D2$5,str,1,0.0,0.0,0.0,0
modulo03_educacion,D311D3$5,str,1,0.0,0.0,0.0,0
modulo03_educacion,D311D4$5,str,1,0.0,0.0,0.0,0
modulo03_educacion,D311D5$5,str,43,0.0,0.0,0.0,0
modulo03_educacion,D311D6$5,str,6,0.0,0.0,0.0,0
modulo03_educacion,D311D7$5,str,1,0.0,0.0,0.0,0
modulo03_educacion,D311D$5,str,47,0.0,0.0,0.0,0
modulo03_educacion,D311B$6,str,113,0.0,0.0,0.0,0
modulo03_educacion,D311D2$6,str,1,0.0,0.0,0.0,0
modulo03_educacion,D311D3$6,str,1,0.0,0.0,0.0,0
modulo03_educacion,D311D4$6,str,1,0.0,0.0,0.0,0
modulo03_educacion,D311D5$6,str,15,0.0,0.0,0.0,0
modulo03_educacion,D311D6$6,str,1,0.0,0.0,0.0,0
modulo03_educacion,D311D7$6,str,1,0.0,0.0,0.0,0
modulo03_educacion,D311D$6,str,15,0.0,0.0,0.0,0
modulo03_educacion,D311B$7,str,631,0.0,0.0,0.0,0
modulo03_educacion,D311D2$7,str,2,0.0,0.0,0.0,0
modulo03_educacion,D311D3$7,str,2,0.0,0.0,0.0,0
modulo03_educacion,D311D4$7,str,23,0.0,0.0,0.0,0
modulo03_educacion,D311D5$7,str,143,0.0,0.0,0.0,0
modulo03_educacion,D311D6$7,str,9,0.0,0.0,0.0,0
modulo03_educacion,D311D7$7,str,4,0.0,0.0,0.0,0
modulo03_educacion,D311D$7,str,157,0.0,0.0,0.0,0
modulo03_educacion,D3121B,str,283,0.0,0.0,0.0,0
modulo03_educacion,D3121C2,str,1,0.0,0.0,0.0,0
modulo03_educacion,D3121C3,str,1,0.0,0.0,0.0,0
modulo03_educacion,D3121C4,str,46,0.0,0.0,0.0,0
modulo03_educacion,D3121C5,str,6,0.0,0.0,0.0,0
modulo03_educacion,D3121C6,str,2,0.0,0.0,0.0,0
modulo03_educacion,D3121C,str,52,0.0,0.0,0.0,0
modulo03_educacion,D3122B,str,12,0.0,0.0,0.0,0
modulo03_educacion,D3122C2,str,1,0.0,0.0,0.0,0
modulo03_educacion,D3122C3,str,1,0.0,0.0,0.0,0
modulo03_educacion,D3122C4,str,2,0.0,0.0,0.0,0
modulo03_educacion,D3122C5,str,1,0.0,0.0,0.0,0
modulo03_educacion,D3122C6,str,1,0.0,0.0,0.0,0
modulo03_educacion,D3122C,str,2,0.0,0.0,0.0,0
modulo03_educacion,D315A,str,7,0.0,0.0,0.0,0
modulo03_educacion,D315B2,str,1,0.0,0.0,0.0,0
modulo03_educacion,D315B3,str,1,0.0,0.0,0.0,0
modulo03_educacion,D315B4,str,2,0.0,0.0,0.0,0
modulo03_educacion,D315B5,str,1,0.0,0.0,0.0,0
modulo03_educacion,D315B6,str,1,0.0,0.0,0.0,0
modulo03_educacion,D315B,str,2,0.0,0.0,0.0,0
modulo03_educacion,I311B$1,str,306,0.0,0.0,0.0,0
modulo03_educacion,I311B$2,str,227,0.0,0.0,0.0,0
modulo03_educacion,I311B$4,str,396,0.0,0.0,0.0,0
modulo03_educacion,I311B$6,str,112,0.0,0.0,0.0,0
modulo03_educacion,I311B$3,str,72,0.0,0.0,0.0,0
modulo03_educacion,I311B$5,str,325,0.0,0.0,0.0,0
modulo03_educacion,I311B$7,str,633,0.0,0.0,0.0,0
modulo03_educacion,I311D2$1,str,1,0.0,0.0,0.0,0
modulo03_educacion,I311D3$1,str,1,0.0,0.0,0.0,0
modulo03_educacion,I311D4$1,str,1,0.0,0.0,0.0,0
modulo03_educacion,I311D5$1,str,60,0.0,0.0,0.0,0
modulo03_educacion,I311D6$1,str,3,0.0,0.0,0.0,0
modulo03_educacion,I311D7$1,str,1,0.0,0.0,0.0,0
modulo03_educacion,I311D2$2,str,1,0.0,0.0,0.0,0
modulo03_educacion,I311D3$2,str,1,0.0,0.0,0.0,0
modulo03_educacion,I311D4$2,str,1,0.0,0.0,0.0,0
modulo03_educacion,I311D5$2,str,62,0.0,0.0,0.0,0
modulo03_educacion,I311D6$2,str,2,0.0,0.0,0.0,0
modulo03_educacion,I311D7$2,str,1,0.0,0.0,0.0,0
modulo03_educacion,I311D2$4,str,1,0.0,0.0,0.0,0
modulo03_educacion,I311D3$4,str,1,0.0,0.0,0.0,0
modulo03_educacion,I311D4$4,str,1,0.0,0.0,0.0,0
modulo03_educacion,I311D5$4,str,92,0.0,0.0,0.0,0
modulo03_educacion,I311D6$4,str,185,0.0,0.0,0.0,0
modulo03_educacion,I311D7$4,str,2,0.0,0.0,0.0,0
modulo03_educacion,I311D2$6,str,1,0.0,0.0,0.0,0
modulo03_educacion,I311D3$6,str,1,0.0,0.0,0.0,0
modulo03_educacion,I311D4$6,str,1,0.0,0.0,0.0,0
modulo03_educacion,I311D5$6,str,15,0.0,0.0,0.0,0
modulo03_educacion,I311D6$6,str,1,0.0,0.0,0.0,0
modulo03_educacion,I311D7$6,str,1,0.0,0.0,0.0,0
modulo03_educacion,I311D2$3,str,1,0.0,0.0,0.0,0
modulo03_educacion,I311D3$3,str,1,0.0,0.0,0.0,0
modulo03_educacion,I311D4$3,str,1,0.0,0.0,0.0,0
modulo03_educacion,I311D5$3,str,2,0.0,0.0,0.0,0
modulo03_educacion,I311D6$3,str,1,0.0,0.0,0.0,0
modulo03_educacion,I311D7$3,str,1,0.0,0.0,0.0,0
modulo03_educacion,I311D2$5,str,1,0.0,0.0,0.0,0
modulo03_educacion,I311D3$5,str,1,0.0,0.0,0.0,0
modulo03_educacion,I311D4$5,str,1,0.0,0.0,0.0,0
modulo03_educacion,I311D5$5,str,42,0.0,0.0,0.0,0
modulo03_educacion,I311D6$5,str,5,0.0,0.0,0.0,0
modulo03_educacion,I311D7$5,str,1,0.0,0.0,0.0,0
modulo03_educacion,I311D2$7,str,2,0.0,0.0,0.0,0
modulo03_educacion,I311D3$7,str,2,0.0,0.0,0.0,0
modulo03_educacion,I311D4$7,str,23,0.0,0.0,0.0,0
modulo03_educacion,I311D5$7,str,145,0.0,0.0,0.0,0
modulo03_educacion,I311D6$7,str,9,0.0,0.0,0.0,0
modulo03_educacion,I311D7$7,str,4,0.0,0.0,0.0,0
modulo03_educacion,I3121B,str,286,0.0,0.0,0.0,0
modulo03_educacion,I3122B,str,12,0.0,0.0,0.0,0
modulo03_educacion,I3121C2,str,1,0.0,0.0,0.0,0
modulo03_educacion,I3121C3,str,1,0.0,0.0,0.0,0
modulo03_educacion,I3121C4,str,46,0.0,0.0,0.0,0
modulo03_educacion,I3121C5,str,6,0.0,0.0,0.0,0
modulo03_educacion,I3121C6,str,2,0.0,0.0,0.0,0
modulo03_educacion,I3122C2,str,1,0.0,0.0,0.0,0
modulo03_educacion,I3122C3,str,1,0.0,0.0,0.0,0
modulo03_educacion,I3122C4,str,2,0.0,0.0,0.0,0
modulo03_educacion,I3122C5,str,1,0.0,0.0,0.0,0
modulo03_educacion,I3122C6,str,1,0.0,0.0,0.0,0
modulo03_educacion,I315A,str,7,0.0,0.0,0.0,0
modulo03_educacion,I315B2,str,1,0.0,0.0,0.0,0
modulo03_educacion,I315B3,str,1,0.0,0.0,0.0,0
modulo03_educacion,I315B4,str,2,0.0,0.0,0.0,0
modulo03_educacion,I315B5,str,1,0.0,0.0,0.0,0
modulo03_educacion,I315B6,str,1,0.0,0.0,0.0,0
modulo03_educacion,I311D$1,str,61,0.0,0.0,0.0,0
modulo03_educacion,I311D$2,str,62,0.0,0.0,0.0,0
modulo03_educacion,I311D$3,str,2,0.0,0.0,0.0,0
modulo03_educacion,I311D$4,str,233,0.0,0.0,0.0,0
modulo03_educacion,I311D$5,str,46,0.0,0.0,0.0,0
modulo03_educacion,I311D$6,str,15,0.0,0.0,0.0,0
modulo03_educacion,I311D$7,str,159,0.0,0.0,0.0,0
modulo03_educacion,I3121C,str,52,0.0,0.0,0.0,0
modulo03_educacion,I3122C,str,2,0.0,0.0,0.0,0
modulo03_educacion,I315B,str,2,0.0,0.0,0.0,0
modulo03_educacion,FACTOR07,str,109,0.0,0.0,0.0,0
modulo03_educacion,FACTORA07,str,2232,0.0,0.0,0.0,0
modulo03_educacion,NCONGLOME,int64,258,0.0,0.0,0.0,0
modulo03_educacion,SUB_CONGLOME,int64,4,0.0,0.0,0.0,0
modulo05_empleo,AÑO,int64,1,0.0,0.0,0.0,0
modulo05_empleo,MES,int64,1,0.0,0.0,0.0,0
modulo05_empleo,CONGLOME,int64,321,0.0,0.0,0.0,0
modulo05_empleo,VIVIENDA,int64,281,0.0,0.0,0.0,0
modulo05_empleo,HOGAR,int64,6,0.0,0.0,0.0,0
modulo05_empleo,CODPERSO,int64,11,0.0,0.0,0.0,0
modulo05_empleo,UBIGEO,int64,226,0.0,0.0,0.0,0
modulo05_empleo,DOMINIO,int64,8,0.0,0.0,0.0,0
modulo05_empleo,ESTRATO,int64,8,0.0,0.0,0.0,0
modulo05_empleo,CODINFOR,int64,12,0.0,0.0,0.0,0
modulo05_empleo,P500A,int64,20,0.0,0.0,0.0,0
modulo05_empleo,P500B,int64,11,0.0,0.0,0.0,0
modulo05_empleo,P500B1,int64,3,0.0,0.0,0.0,0
modulo05_empleo,P500C,int64,19,0.0,0.0,0.0,0
modulo05_empleo,P500D,int64,10,0.0,0.0,0.0,0
modulo05_empleo,P500D1,int64,2,0.0,0.0,0.0,0
modulo05_empleo,P500N,int64,11,0.0,0.0,0.0,0
modulo05_empleo,P500I,int64,12,0.0,0.0,0.0,0
modulo05_empleo,P501,int64,3,0.0,0.0,0.0,0
modulo05_empleo,P502,str,4,0.0,0.0,0.0,0
modulo05_empleo,P503,str,4,0.0,0.0,0.0,0
modulo05_empleo,P504,str,3,0.0,0.0,0.0,0
modulo05_empleo,P5041,str,3,0.0,0.0,0.0,0
modulo05_empleo,P5042,str,3,0.0,0.0,0.0,0
modulo05_empleo,P5043,str,3,0.0,0.0,0.0,0
modulo05_empleo,P5044,str,3,0.0,0.0,0.0,0
modulo05_empleo,P5045,str,2,0.0,0.0,0.0,0
modulo05_empleo,P5046,str,2,0.0,0.0,0.0,0
modulo05_empleo,P5047,str,2,0.0,0.0,0.0,0
modulo05_empleo,P5048,str,2,0.0,0.0,0.0,0
modulo05_empleo,P5049,str,2,0.0,0.0,0.0,0
modulo05_empleo,P50410,str,3,0.0,0.0,0.0,0
modulo05_empleo,P50411,str,3,0.0,0.0,0.0,0
modulo05_empleo,P505,str,186,0.0,0.0,0.0,0
modulo05_empleo,P505R4,str,235,0.0,0.0,0.0,0
modulo05_empleo,P505B,str,2,0.0,0.0,0.0,0
modulo05_empleo,P506,str,166,0.0,0.0,0.0,0
modulo05_empleo,P506R4,str,213,0.0,0.0,0.0,0
modulo05_empleo,P507,str,8,0.0,0.0,0.0,0
modulo05_empleo,P508,str,3,0.0,0.0,0.0,0
modulo05_empleo,P509,str,3,0.0,0.0,0.0,0
modulo05_empleo,P510,str,6,0.0,0.0,0.0,0
modulo05_empleo,P510A1,str,4,0.0,0.0,0.0,0
modulo05_empleo,P510B,str,3,0.0,0.0,0.0,0
modulo05_empleo,P5111,str,3,0.0,0.0,0.0,0
modulo05_empleo,P5112,str,3,0.0,0.0,0.0,0
modulo05_empleo,P5113,str,3,0.0,0.0,0.0,0
modulo05_empleo,P5114,str,3,0.0,0.0,0.0,0
modulo05_empleo,P5115,str,2,0.0,0.0,0.0,0
modulo05_empleo,P5116,str,3,0.0,0.0,0.0,0
modulo05_empleo,P5117,str,3,0.0,0.0,0.0,0
modulo05_empleo,P5118,str,3,0.0,0.0,0.0,0
modulo05_empleo,P5119,str,3,0.0,0.0,0.0,0
modulo05_empleo,P51110,str,3,0.0,0.0,0.0,0
modulo05_empleo,P51111,str,3,0.0,0.0,0.0,0
modulo05_empleo,P51112,str,3,0.0,0.0,0.0,0
modulo05_empleo,P511A,str,7,0.0,0.0,0.0,0
modulo05_empleo,P512A,str,6,0.0,0.0,0.0,0
modulo05_empleo,P512B,str,81,0.0,0.0,0.0,0
modulo05_empleo,P513,str,2,0.0,0.0,0.0,0
modulo05_empleo,P513A,str,21,0.0,0.0,0.0,0
modulo05_empleo,P513B,str,21,0.0,0.0,0.0,0
modulo05_empleo,P513C,str,21,0.0,0.0,0.0,0
modulo05_empleo,P513D,str,20,0.0,0.0,0.0,0
modulo05_empleo,P513E,str,20,0.0,0.0,0.0,0
modulo05_empleo,P513F,str,20,0.0,0.0,0.0,0
modulo05_empleo,P513G,str,20,0.0,0.0,0.0,0
modulo05_empleo,P513T,str,97,0.0,0.0,0.0,0
modulo05_empleo,P513A1,str,64,0.0,0.0,0.0,0
modulo05_empleo,P513A2,str,14,0.0,0.0,0.0,0
modulo05_empleo,P514,str,3,0.0,0.0,0.0,0
modulo05_empleo,P5151,str,3,0.0,0.0,0.0,0
modulo05_empleo,P5152,str,3,0.0,0.0,0.0,0
modulo05_empleo,P5153,str,3,0.0,0.0,0.0,0
modulo05_empleo,P5154,str,3,0.0,0.0,0.0,0
modulo05_empleo,P5155,str,3,0.0,0.0,0.0,0
modulo05_empleo,P5156,str,2,0.0,0.0,0.0,0
modulo05_empleo,P5157,str,2,0.0,0.0,0.0,0
modulo05_empleo,P5158,str,2,0.0,0.0,0.0,0
modulo05_empleo,P5159,str,3,0.0,0.0,0.0,0
modulo05_empleo,P51510,str,3,0.0,0.0,0.0,0
modulo05_empleo,P51511,str,3,0.0,0.0,0.0,0
modulo05_empleo,P516,str,78,0.0,0.0,0.0,0
modulo05_empleo,P516R4,str,102,0.0,0.0,0.0,0
modulo05_empleo,P517,str,8,0.0,0.0,0.0,0
modulo05_empleo,P517A,str,3,0.0,0.0,0.0,0
modulo05_empleo,P517B1,str,4,0.0,0.0,0.0,0
modulo05_empleo,P517C,str,3,0.0,0.0,0.0,0
modulo05_empleo,P517D1,str,5,0.0,0.0,0.0,0
modulo05_empleo,P517D2,str,21,0.0,0.0,0.0,0
modulo05_empleo,P518,str,51,0.0,0.0,0.0,0
modulo05_empleo,P519,str,3,0.0,0.0,0.0,0
modulo05_empleo,P520,str,60,0.0,0.0,0.0,0
modulo05_empleo,P520A,str,10,0.0,0.0,0.0,0
modulo05_empleo,P521,str,3,0.0,0.0,0.0,0
modulo05_empleo,P521A,str,3,0.0,0.0,0.0,0
modulo05_empleo,P521B,str,1,0.0,0.0,0.0,0
modulo05_empleo,P521B1,str,1,0.0,0.0,0.0,0
modulo05_empleo,P521C,str,3,0.0,0.0,0.0,0
modulo05_empleo,P521D,str,7,0.0,0.0,0.0,0
modulo05_empleo,P523,str,5,0.0,0.0,0.0,0
modulo05_empleo,P524A1,str,318,0.0,0.0,0.0,0
modulo05_empleo,P524A2,str,3,0.0,0.0,0.0,0
modulo05_empleo,P524B1,str,202,0.0,0.0,0.0,0
modulo05_empleo,P524B2,str,3,0.0,0.0,0.0,0
modulo05_empleo,P524C1,str,62,0.0,0.0,0.0,0
modulo05_empleo,P524C2,str,3,0.0,0.0,0.0,0
modulo05_empleo,P524D1,str,61,0.0,0.0,0.0,0
modulo05_empleo,P524D2,str,3,0.0,0.0,0.0,0
modulo05_empleo,P524E1,str,476,0.0,0.0,0.0,0
modulo05_empleo,P524E2,str,3,0.0,0.0,0.0,0
modulo05_empleo,P528,str,3,0.0,0.0,0.0,0
modulo05_empleo,P5291A,str,6,0.0,0.0,0.0,0
modulo05_empleo,P5291B,str,99,0.0,0.0,0.0,0
modulo05_empleo,P5291C,str,2,0.0,0.0,0.0,0
modulo05_empleo,P5292A,str,7,0.0,0.0,0.0,0
modulo05_empleo,P5292B,str,27,0.0,0.0,0.0,0
modulo05_empleo,P5292C,str,2,0.0,0.0,0.0,0
modulo05_empleo,P5293A,str,7,0.0,0.0,0.0,0
modulo05_empleo,P5293B,str,39,0.0,0.0,0.0,0
modulo05_empleo,P5293C,str,2,0.0,0.0,0.0,0
modulo05_empleo,P5294A,str,4,0.0,0.0,0.0,0
modulo05_empleo,P5294B,str,20,0.0,0.0,0.0,0
modulo05_empleo,P5294C,str,2,0.0,0.0,0.0,0
modulo05_empleo,P5295A,str,2,0.0,0.0,0.0,0
modulo05_empleo,P5295B,str,1,0.0,0.0,0.0,0
modulo05_empleo,P5295C,str,1,0.0,0.0,0.0,0
modulo05_empleo,P5296A,str,6,0.0,0.0,0.0,0
modulo05_empleo,P5296B,str,11,0.0,0.0,0.0,0
modulo05_empleo,P5296C,str,2,0.0,0.0,0.0,0
modulo05_empleo,P529T,str,142,0.0,0.0,0.0,0
modulo05_empleo,P5297A,str,2,0.0,0.0,0.0,0
modulo05_empleo,P530A,str,798,0.0,0.0,0.0,0
modulo05_empleo,P530B,str,3,0.0,0.0,0.0,0
modulo05_empleo,P535,str,4,0.0,0.0,0.0,0
modulo05_empleo,P536,str,384,0.0,0.0,0.0,0
modulo05_empleo,P5371,str,3,0.0,0.0,0.0,0
modulo05_empleo,P5372,str,3,0.0,0.0,0.0,0
modulo05_empleo,P5373,str,3,0.0,0.0,0.0,0
modulo05_empleo,P5374,str,3,0.0,0.0,0.0,0
modulo05_empleo,P5375,str,3,0.0,0.0,0.0,0
modulo05_empleo,P5376,str,3,0.0,0.0,0.0,0
modulo05_empleo,P5377,str,3,0.0,0.0,0.0,0
modulo05_empleo,P5378,str,3,0.0,0.0,0.0,0
modulo05_empleo,P5379,str,2,0.0,0.0,0.0,0
modulo05_empleo,P53710,str,3,0.0,0.0,0.0,0
modulo05_empleo,P53711,str,2,0.0,0.0,0.0,0
modulo05_empleo,P53712,str,3,0.0,0.0,0.0,0
modulo05_empleo,P538A1,str,64,0.0,0.0,0.0,0
modulo05_empleo,P538A2,str,3,0.0,0.0,0.0,0
modulo05_empleo,P538B1,str,7,0.0,0.0,0.0,0
modulo05_empleo,P538B2,str,2,0.0,0.0,0.0,0
modulo05_empleo,P538C1,str,2,0.0,0.0,0.0,0
modulo05_empleo,P538C2,str,2,0.0,0.0,0.0,0
modulo05_empleo,P538D1,str,2,0.0,0.0,0.0,0
modulo05_empleo,P538D2,str,2,0.0,0.0,0.0,0
modulo05_empleo,P538E1,str,62,0.0,0.0,0.0,0
modulo05_empleo,P538E2,str,3,0.0,0.0,0.0,0
modulo05_empleo,P539,str,3,0.0,0.0,0.0,0
modulo05_empleo,P5401A,str,6,0.0,0.0,0.0,0
modulo05_empleo,P5401B,str,33,0.0,0.0,0.0,0
modulo05_empleo,P5401C,str,2,0.0,0.0,0.0,0
modulo05_empleo,P5402A,str,3,0.0,0.0,0.0,0
modulo05_empleo,P5402B,str,2,0.0,0.0,0.0,0
modulo05_empleo,P5402C,str,2,0.0,0.0,0.0,0
modulo05_empleo,P5403A,str,2,0.0,0.0,0.0,0
modulo05_empleo,P5403B,str,1,0.0,0.0,0.0,0
modulo05_empleo,P5403C,str,1,0.0,0.0,0.0,0
modulo05_empleo,P5404A,str,3,0.0,0.0,0.0,0
modulo05_empleo,P5404B,str,4,0.0,0.0,0.0,0
modulo05_empleo,P5404C,str,2,0.0,0.0,0.0,0
modulo05_empleo,P5405A,str,2,0.0,0.0,0.0,0
modulo05_empleo,P5405B,str,1,0.0,0.0,0.0,0
modulo05_empleo,P5405C,str,1,0.0,0.0,0.0,0
modulo05_empleo,P5406A,str,3,0.0,0.0,0.0,0
modulo05_empleo,P5406B,str,2,0.0,0.0,0.0,0
modulo05_empleo,P5406C,str,2,0.0,0.0,0.0,0
modulo05_empleo,P540T,str,36,0.0,0.0,0.0,0
modulo05_empleo,P5407A,str,2,0.0,0.0,0.0,0
modulo05_empleo,P541A,str,204,0.0,0.0,0.0,0
modulo05_empleo,P541B,str,3,0.0,0.0,0.0,0
modulo05_empleo,P542,str,4,0.0,0.0,0.0,0
modulo05_empleo,P543,str,113,0.0,0.0,0.0,0
modulo05_empleo,P5441A,str,3,0.0,0.0,0.0,0
modulo05_empleo,P5441B,str,124,0.0,0.0,0.0,0
modulo05_empleo,P5442A,str,3,0.0,0.0,0.0,0
modulo05_empleo,P5442B,str,125,0.0,0.0,0.0,0
modulo05_empleo,P5443A,str,3,0.0,0.0,0.0,0
modulo05_empleo,P5443B,str,22,0.0,0.0,0.0,0
modulo05_empleo,P5444A,str,3,0.0,0.0,0.0,0
modulo05_empleo,P5444B,str,26,0.0,0.0,0.0,0
modulo05_empleo,P5445A,str,3,0.0,0.0,0.0,0
modulo05_empleo,P5445B,str,40,0.0,0.0,0.0,0
modulo05_empleo,P5446A,str,3,0.0,0.0,0.0,0
modulo05_empleo,P5446B,str,6,0.0,0.0,0.0,0
modulo05_empleo,P5447A,str,3,0.0,0.0,0.0,0
modulo05_empleo,P5447B,str,96,0.0,0.0,0.0,0
modulo05_empleo,P5448A,str,3,0.0,0.0,0.0,0
modulo05_empleo,P5448B,str,9,0.0,0.0,0.0,0
modulo05_empleo,P544T,str,201,0.0,0.0,0.0,0
modulo05_empleo,P545,str,3,0.0,0.0,0.0,0
modulo05_empleo,P546,str,7,0.0,0.0,0.0,0
modulo05_empleo,P547,str,3,0.0,0.0,0.0,0
modulo05_empleo,P548,str,3,0.0,0.0,0.0,0
modulo05_empleo,P549,str,12,0.0,0.0,0.0,0
modulo05_empleo,P550_1,str,3,0.0,0.0,0.0,0
modulo05_empleo,P550_2,str,3,0.0,0.0,0.0,0
modulo05_empleo,P550_3,str,3,0.0,0.0,0.0,0
modulo05_empleo,P550_4,str,3,0.0,0.0,0.0,0
modulo05_empleo,P550_5,str,3,0.0,0.0,0.0,0
modulo05_empleo,P550_6,str,3,0.0,0.0,0.0,0
modulo05_empleo,P550_7,str,3,0.0,0.0,0.0,0
modulo05_empleo,P550_GI,str,6,0.0,0.0,0.0,0
modulo05_empleo,P551,str,9,0.0,0.0,0.0,0
modulo05_empleo,P552,str,3,0.0,0.0,0.0,0
modulo05_empleo,P554,str,128,0.0,0.0,0.0,0
modulo05_empleo,P554R4,str,163,0.0,0.0,0.0,0
modulo05_empleo,P555,str,8,0.0,0.0,0.0,0
modulo05_empleo,P5561A,int64,3,0.0,0.0,0.0,0
modulo05_empleo,P5561B,int64,2,0.0,0.0,0.0,0
modulo05_empleo,P5561C,int64,7,0.0,0.0,0.0,0
modulo05_empleo,P5561D,int64,1,0.0,0.0,0.0,0
modulo05_empleo,P5561E,int64,1,0.0,0.0,0.0,0
modulo05_empleo,P5562A,int64,3,0.0,0.0,0.0,0
modulo05_empleo,P5562B,int64,9,0.0,0.0,0.0,0
modulo05_empleo,P5562C,int64,32,0.0,0.04,0.04,2
modulo05_empleo,P5562D,int64,3,0.0,0.0,0.0,0
modulo05_empleo,P5562E,int64,3,0.0,0.0,0.0,0
modulo05_empleo,P5563A,int64,3,0.0,0.0,0.0,0
modulo05_empleo,P5563B,int64,9,0.0,0.0,0.0,0
modulo05_empleo,P5563C,int64,34,0.0,0.0,0.0,0
modulo05_empleo,P5563C1,int64,20,0.0,0.0,0.0,0
modulo05_empleo,P5563D,int64,3,0.0,0.0,0.0,0
modulo05_empleo,P5563E,int64,12,0.0,0.0,0.0,0
modulo05_empleo,P5563F,int64,5,0.0,0.0,0.0,0
modulo05_empleo,P5563G,int64,5,0.0,0.0,0.0,0
modulo05_empleo,P5564A,int64,3,0.0,0.0,0.0,0
modulo05_empleo,P5564B,int64,2,0.0,0.0,0.0,0
modulo05_empleo,P5564C,int64,81,0.0,0.02,0.02,1
modulo05_empleo,P5564D,int64,1,0.0,0.0,0.0,0
modulo05_empleo,P5564E,int64,1,0.0,0.0,0.0,0
modulo05_empleo,P5565A,int64,3,0.0,0.0,0.0,0
modulo05_empleo,P5565B,int64,3,0.0,0.0,0.0,0
modulo05_empleo,P5565C,int64,38,0.0,0.0,0.0,0
modulo05_empleo,P5565D,int64,1,0.0,0.0,0.0,0
modulo05_empleo,P5565E,int64,1,0.0,0.0,0.0,0
modulo05_empleo,P5566A,int64,3,0.0,0.0,0.0,0
modulo05_empleo,P5566B,int64,2,0.0,0.0,0.0,0
modulo05_empleo,P5566C,int64,2,0.0,0.0,0.0,0
modulo05_empleo,P5566D,int64,1,0.0,0.0,0.0,0
modulo05_empleo,P5566E,int64,1,0.0,0.0,0.0,0
modulo05_empleo,P5567A,int64,3,0.0,0.0,0.0,0
modulo05_empleo,P5567B,int64,2,0.0,0.0,0.0,0
modulo05_empleo,P5567C,int64,3,0.0,0.0,0.0,0
modulo05_empleo,P5567D,int64,1,0.0,0.0,0.0,0
modulo05_empleo,P5567E,int64,1,0.0,0.0,0.0,0
modulo05_empleo,P5568A,int64,3,0.0,0.0,0.0,0
modulo05_empleo,P5568B,int64,5,0.0,0.0,0.0,0
modulo05_empleo,P5568C,int64,18,0.0,0.0,0.0,0
modulo05_empleo,P5568D,int64,1,0.0,0.0,0.0,0
modulo05_empleo,P5568E,int64,1,0.0,0.0,0.0,0
modulo05_empleo,P5569A,int64,3,0.0,0.0,0.0,0
modulo05_empleo,P5569B,int64,5,0.0,0.0,0.0,0
modulo05_empleo,P5569C,str,51,0.0,0.0,0.0,0
modulo05_empleo,P5569D,int64,1,0.0,0.0,0.0,0
modulo05_empleo,P5569E,int64,1,0.0,0.0,0.0,0
modulo05_empleo,P55610A,int64,3,0.0,0.0,0.0,0
modulo05_empleo,P55610B,int64,2,0.0,0.0,0.0,0
modulo05_empleo,P55610C,int64,5,0.0,0.0,0.0,0
modulo05_empleo,P55610D,int64,1,0.0,0.0,0.0,0
modulo05_empleo,P55610E,int64,1,0.0,0.0,0.0,0
modulo05_empleo,P55611A,int64,3,0.0,0.0,0.0,0
modulo05_empleo,P55611B,int64,2,0.0,0.0,0.0,0
modulo05_empleo,P55611C,int64,4,0.0,0.0,0.0,0
modulo05_empleo,P55611D,int64,1,0.0,0.0,0.0,0
modulo05_empleo,P55611E,int64,1,0.0,0.0,0.0,0
modulo05_empleo,P55612A,int64,3,0.0,0.0,0.0,0
modulo05_empleo,P55612B,int64,2,0.0,0.0,0.0,0
modulo05_empleo,P55612C,int64,3,0.0,0.0,0.0,0
modulo05_empleo,P55612D,int64,1,0.0,0.0,0.0,0
modulo05_empleo,P55612E,int64,1,0.0,0.0,0.0,0
modulo05_empleo,P55613A,int64,3,0.0,0.0,0.0,0
modulo05_empleo,P55613B,int64,2,0.0,0.0,0.0,0
modulo05_empleo,P55613C,int64,6,0.0,0.0,0.0,0
modulo05_empleo,P55613D,int64,1,0.0,0.0,0.0,0
modulo05_empleo,P55613E,int64,1,0.0,0.0,0.0,0
modulo05_empleo,P55614A,int64,3,0.0,0.0,0.0,0
modulo05_empleo,P55614B,int64,2,0.0,0.0,0.0,0
modulo05_empleo,P55614C,int64,2,0.0,0.0,0.0,0
modulo05_empleo,P55614D,int64,1,0.0,0.0,0.0,0
modulo05_empleo,P55614E,int64,1,0.0,0.0,0.0,0
modulo05_empleo,P55620A,int64,2,0.0,0.0,0.0,0
modulo05_empleo,P55620B,int64,1,0.0,0.0,0.0,0
modulo05_empleo,P55620C,int64,1,0.0,0.0,0.0,0
modulo05_empleo,P55620D,int64,1,0.0,0.0,0.0,0
modulo05_empleo,P55620E,int64,1,0.0,0.0,0.0,0
modulo05_empleo,P55621A,int64,2,0.0,0.0,0.0,0
modulo05_empleo,P55621B,int64,1,0.0,0.0,0.0,0
modulo05_empleo,P55621C,int64,1,0.0,0.0,0.0,0
modulo05_empleo,P55621D,int64,1,0.0,0.0,0.0,0
modulo05_empleo,P55621E,int64,1,0.0,0.0,0.0,0
modulo05_empleo,P55622A,int64,2,0.0,0.0,0.0,0
modulo05_empleo,P55622B,int64,1,0.0,0.0,0.0,0
modulo05_empleo,P55622C,int64,1,0.0,0.0,0.0,0
modulo05_empleo,P55622D,int64,1,0.0,0.0,0.0,0
modulo05_empleo,P55622E,int64,1,0.0,0.0,0.0,0
modulo05_empleo,P55623A,int64,3,0.0,0.0,0.0,0
modulo05_empleo,P55623B,int64,2,0.0,0.0,0.0,0
modulo05_empleo,P55623C,int64,2,0.0,0.0,0.0,0
modulo05_empleo,P55623D,int64,1,0.0,0.0,0.0,0
modulo05_empleo,P55623E,int64,1,0.0,0.0,0.0,0
modulo05_empleo,P55627A,int64,3,0.0,0.0,0.0,0
modulo05_empleo,P55627B,int64,3,0.0,0.0,0.0,0
modulo05_empleo,P55627C,int64,4,0.0,0.0,0.0,0
modulo05_empleo,P55627D,int64,1,0.0,0.0,0.0,0
modulo05_empleo,P55627E,int64,1,0.0,0.0,0.0,0
modulo05_empleo,P55628A,int64,2,0.0,0.0,0.0,0
modulo05_empleo,P55628B,int64,1,0.0,0.0,0.0,0
modulo05_empleo,P55628C,int64,1,0.0,0.0,0.0,0
modulo05_empleo,P55628D,int64,1,0.0,0.0,0.0,0
modulo05_empleo,P55628E,int64,1,0.0,0.0,0.0,0
modulo05_empleo,P556T1,str,192,0.0,0.0,0.0,0
modulo05_empleo,P556T2,int64,13,0.0,0.0,0.0,0
modulo05_empleo,P5571A,str,3,0.0,0.0,0.0,0
modulo05_empleo,P5571B,str,2,0.0,0.0,0.0,0
modulo05_empleo,P5571C,str,3,0.0,0.0,0.0,0
modulo05_empleo,P5572A,str,3,0.0,0.0,0.0,0
modulo05_empleo,P5572B,str,3,0.0,0.0,0.0,0
modulo05_empleo,P5572C,str,6,0.0,0.0,0.0,0
modulo05_empleo,P5573A,str,3,0.0,0.0,0.0,0
modulo05_empleo,P5573B,str,3,0.0,0.0,0.0,0
modulo05_empleo,P5573C,str,7,0.0,0.0,0.0,0
modulo05_empleo,P5574A,str,3,0.0,0.0,0.0,0
modulo05_empleo,P5574B,str,2,0.0,0.0,0.0,0
modulo05_empleo,P5574C,str,3,0.0,0.0,0.0,0
modulo05_empleo,P5575A,str,3,0.0,0.0,0.0,0
modulo05_empleo,P5575B,str,3,0.0,0.0,0.0,0
modulo05_empleo,P5575C,str,36,0.0,0.0,0.0,0
modulo05_empleo,P5576A,str,3,0.0,0.0,0.0,0
modulo05_empleo,P5576B,str,5,0.0,0.0,0.0,0
modulo05_empleo,P5576C,str,10,0.0,0.0,0.0,0
modulo05_empleo,P5577A,str,3,0.0,0.0,0.0,0
modulo05_empleo,P5577B,str,5,0.0,0.0,0.0,0
modulo05_empleo,P5577C,str,22,0.0,0.0,0.0,0
modulo05_empleo,P5578A,str,3,0.0,0.0,0.0,0
modulo05_empleo,P5578B,str,5,0.0,0.0,0.0,0
modulo05_empleo,P5578C,str,13,0.0,0.0,0.0,0
modulo05_empleo,P557T,str,56,0.0,0.0,0.0,0
modulo05_empleo,P5581A,str,2,0.0,0.0,0.0,0
modulo05_empleo,P5581B,str,1,0.0,0.0,0.0,0
modulo05_empleo,P5582A,str,3,0.0,0.0,0.0,0
modulo05_empleo,P5582B,str,5,0.0,0.0,0.0,0
modulo05_empleo,P5583A,str,3,0.0,0.0,0.0,0
modulo05_empleo,P5583B,str,26,0.0,0.0,0.0,0
modulo05_empleo,P5584A,str,2,0.0,0.0,0.0,0
modulo05_empleo,P5584B,str,1,0.0,0.0,0.0,0
modulo05_empleo,P5585A,str,3,0.0,0.0,0.0,0
modulo05_empleo,P5585B,str,7,0.0,0.0,0.0,0
modulo05_empleo,P5586A,str,3,0.0,0.0,0.0,0
modulo05_empleo,P5586B,str,35,0.0,0.0,0.0,0
modulo05_empleo,P5587A,str,3,0.0,0.0,0.0,0
modulo05_empleo,P5587B,str,101,0.0,0.0,0.0,0
modulo05_empleo,P5588A,str,3,0.0,0.0,0.0,0
modulo05_empleo,P5588B,str,29,0.0,0.0,0.0,0
modulo05_empleo,P5589A,str,3,0.0,0.0,0.0,0
modulo05_empleo,P5589B,str,53,0.0,0.0,0.0,0
modulo05_empleo,P55810A,str,3,0.0,0.0,0.0,0
modulo05_empleo,P55810B,str,4,0.0,0.0,0.0,0
modulo05_empleo,P558T,str,165,0.0,0.0,0.0,0
modulo05_empleo,P558A1,str,3,0.0,0.0,0.0,0
modulo05_empleo,P558A2,str,3,0.0,0.0,0.0,0
modulo05_empleo,P558A3,str,3,0.0,0.0,0.0,0
modulo05_empleo,P558A4,str,3,0.0,0.0,0.0,0
modulo05_empleo,P558A5,str,3,0.0,0.0,0.0,0
modulo05_empleo,P558B1,str,15,0.0,0.0,0.0,0
modulo05_empleo,P558B2,str,53,0.0,0.0,0.0,0
modulo05_empleo,P558B3,str,3,0.0,0.0,0.0,0
modulo05_empleo,P558C,str,10,0.0,0.0,0.0,0
modulo05_empleo,P558D2_1,str,4,0.0,0.0,0.0,0
modulo05_empleo,P558D2_2,str,366,0.0,0.0,0.0,0
modulo05_empleo,P558E1_1,str,3,0.0,0.0,0.0,0
modulo05_empleo,P558E1_2,str,3,0.0,0.0,0.0,0
modulo05_empleo,P558E1_3,str,3,0.0,0.0,0.0,0
modulo05_empleo,P558E1_4,str,3,0.0,0.0,0.0,0
modulo05_empleo,P558E1_6,str,3,0.0,0.0,0.0,0
modulo05_empleo,P558E1_7,str,3,0.0,0.0,0.0,0
modulo05_empleo,P558E1_8,str,3,0.0,0.0,0.0,0
modulo05_empleo,P558E1_9,str,3,0.0,0.0,0.0,0
modulo05_empleo,P558E1_10,str,3,0.0,0.0,0.0,0
modulo05_empleo,P558F1A,str,6,0.0,0.0,0.0,0
modulo05_empleo,P558F1B,str,8,0.0,0.0,0.0,0
modulo05_empleo,P558G1,str,3,0.0,0.0,0.0,0
modulo05_empleo,P558G2,str,3,0.0,0.0,0.0,0
modulo05_empleo,P558G3,str,3,0.0,0.0,0.0,0
modulo05_empleo,P558G5,str,3,0.0,0.0,0.0,0
modulo05_empleo,P558G6,str,3,0.0,0.0,0.0,0
modulo05_empleo,P558G7,str,3,0.0,0.0,0.0,0
modulo05_empleo,P558G8,str,3,0.0,0.0,0.0,0
modulo05_empleo,P558H1_1,str,3,0.0,0.0,0.0,0
modulo05_empleo,P558H1_2,str,3,0.0,0.0,0.0,0
modulo05_empleo,P558H1_3,str,3,0.0,0.0,0.0,0
modulo05_empleo,P558H1_5,str,3,0.0,0.0,0.0,0
modulo05_empleo,P558H1_6,str,3,0.0,0.0,0.0,0
modulo05_empleo,P558H1_7,str,3,0.0,0.0,0.0,0
modulo05_empleo,P558H1_8,str,3,0.0,0.0,0.0,0
modulo05_empleo,P558H2_1,str,3,0.0,0.0,0.0,0
modulo05_empleo,P558H2_2,str,3,0.0,0.0,0.0,0
modulo05_empleo,P558H2_3,str,3,0.0,0.0,0.0,0
modulo05_empleo,P558H2_5,str,2,0.0,0.0,0.0,0
modulo05_empleo,P558H2_6,str,3,0.0,0.0,0.0,0
modulo05_empleo,P558H2_7,str,3,0.0,0.0,0.0,0
modulo05_empleo,P558H2_8,str,3,0.0,0.0,0.0,0
modulo05_empleo,P558H3_1,str,3,0.0,0.0,0.0,0
modulo05_empleo,P558H3_2,str,3,0.0,0.0,0.0,0
modulo05_empleo,P558H3_3,str,3,0.0,0.0,0.0,0
modulo05_empleo,P558H3_5,str,3,0.0,0.0,0.0,0
modulo05_empleo,P558H3_6,str,3,0.0,0.0,0.0,0
modulo05_empleo,P558H3_7,str,3,0.0,0.0,0.0,0
modulo05_empleo,P558H3_8,str,3,0.0,0.0,0.0,0
modulo05_empleo,P558H4_1,str,3,0.0,0.0,0.0,0
modulo05_empleo,P558H4_2,str,3,0.0,0.0,0.0,0
modulo05_empleo,P558H4_3,str,3,0.0,0.0,0.0,0
modulo05_empleo,P558H4_5,str,2,0.0,0.0,0.0,0
modulo05_empleo,P558H4_6,str,3,0.0,0.0,0.0,0
modulo05_empleo,P558H4_7,str,3,0.0,0.0,0.0,0
modulo05_empleo,P558H4_8,str,3,0.0,0.0,0.0,0
modulo05_empleo,P558H5_1,str,3,0.0,0.0,0.0,0
modulo05_empleo,P558H5_2,str,3,0.0,0.0,0.0,0
modulo05_empleo,P558H5_3,str,3,0.0,0.0,0.0,0
modulo05_empleo,P558H5_5,str,2,0.0,0.0,0.0,0
modulo05_empleo,P558H5_6,str,3,0.0,0.0,0.0,0
modulo05_empleo,P558H5_7,str,3,0.0,0.0,0.0,0
modulo05_empleo,P558H5_8,str,3,0.0,0.0,0.0,0
modulo05_empleo,P558H6_1,str,3,0.0,0.0,0.0,0
modulo05_empleo,P558H6_2,str,3,0.0,0.0,0.0,0
modulo05_empleo,P558H6_3,str,3,0.0,0.0,0.0,0
modulo05_empleo,P558H6_5,str,3,0.0,0.0,0.0,0
modulo05_empleo,P558H6_6,str,3,0.0,0.0,0.0,0
modulo05_empleo,P558H6_7,str,3,0.0,0.0,0.0,0
modulo05_empleo,P558H6_8,str,3,0.0,0.0,0.0,0
modulo05_empleo,P558H7_1,str,3,0.0,0.0,0.0,0
modulo05_empleo,P558H7_2,str,3,0.0,0.0,0.0,0
modulo05_empleo,P558H7_3,str,3,0.0,0.0,0.0,0
modulo05_empleo,P558H7_5,str,3,0.0,0.0,0.0,0
modulo05_empleo,P558H7_6,str,3,0.0,0.0,0.0,0
modulo05_empleo,P558H7_7,str,3,0.0,0.0,0.0,0
modulo05_empleo,P558H7_8,str,3,0.0,0.0,0.0,0
modulo05_empleo,P558H8_1,str,3,0.0,0.0,0.0,0
modulo05_empleo,P558H8_2,str,3,0.0,0.0,0.0,0
modulo05_empleo,P558H8_3,str,3,0.0,0.0,0.0,0
modulo05_empleo,P558H8_5,str,2,0.0,0.0,0.0,0
modulo05_empleo,P558H8_6,str,3,0.0,0.0,0.0,0
modulo05_empleo,P558H8_7,str,3,0.0,0.0,0.0,0
modulo05_empleo,P558H8_8,str,3,0.0,0.0,0.0,0
modulo05_empleo,P558H9_1,str,3,0.0,0.0,0.0,0
modulo05_empleo,P558H9_2,str,3,0.0,0.0,0.0,0
modulo05_empleo,P558H9_3,str,3,0.0,0.0,0.0,0
modulo05_empleo,P558H9_5,str,3,0.0,0.0,0.0,0
modulo05_empleo,P558H9_6,str,3,0.0,0.0,0.0,0
modulo05_empleo,P558H9_7,str,3,0.0,0.0,0.0,0
modulo05_empleo,P558H9_8,str,3,0.0,0.0,0.0,0
modulo05_empleo,P558H10_1,str,3,0.0,0.0,0.0,0
modulo05_empleo,P558H10_2,str,3,0.0,0.0,0.0,0
modulo05_empleo,P558H10_3,str,3,0.0,0.0,0.0,0
modulo05_empleo,P558H10_5,str,3,0.0,0.0,0.0,0
modulo05_empleo,P558H10_6,str,3,0.0,0.0,0.0,0
modulo05_empleo,P558H10_7,str,3,0.0,0.0,0.0,0
modulo05_empleo,P558H10_8,str,3,0.0,0.0,0.0,0
modulo05_empleo,P558H11_1,str,3,0.0,0.0,0.0,0
modulo05_empleo,P558H11_2,str,3,0.0,0.0,0.0,0
modulo05_empleo,P558H11_3,str,3,0.0,0.0,0.0,0
modulo05_empleo,P558H11_5,str,2,0.0,0.0,0.0,0
modulo05_empleo,P558H11_6,str,3,0.0,0.0,0.0,0
modulo05_empleo,P558H11_7,str,3,0.0,0.0,0.0,0
modulo05_empleo,P558H11_8,str,3,0.0,0.0,0.0,0
modulo05_empleo,P558H12_1,str,3,0.0,0.0,0.0,0
modulo05_empleo,P558H12_2,str,3,0.0,0.0,0.0,0
modulo05_empleo,P558H12_3,str,3,0.0,0.0,0.0,0
modulo05_empleo,P558H12_5,str,2,0.0,0.0,0.0,0
modulo05_empleo,P558H12_6,str,3,0.0,0.0,0.0,0
modulo05_empleo,P558H12_7,str,3,0.0,0.0,0.0,0
modulo05_empleo,P558H12_8,str,3,0.0,0.0,0.0,0
modulo05_empleo,P559$01,str,3,0.0,0.0,0.0,0
modulo05_empleo,P559$02,str,3,0.0,0.0,0.0,0
modulo05_empleo,P559$03,str,3,0.0,0.0,0.0,0
modulo05_empleo,P559$04,str,3,0.0,0.0,0.0,0
modulo05_empleo,P559$05,str,3,0.0,0.0,0.0,0
modulo05_empleo,P559$06,str,3,0.0,0.0,0.0,0
modulo05_empleo,P559$07,str,3,0.0,0.0,0.0,0
modulo05_empleo,P559$08,str,3,0.0,0.0,0.0,0
modulo05_empleo,P559$09,str,3,0.0,0.0,0.0,0
modulo05_empleo,P559$10,str,3,0.0,0.0,0.0,0
modulo05_empleo,P559$11,str,3,0.0,0.0,0.0,0
modulo05_empleo,P559$12,str,3,0.0,0.0,0.0,0
modulo05_empleo,P559$13,str,3,0.0,0.0,0.0,0
modulo05_empleo,P559$14,str,3,0.0,0.0,0.0,0
modulo05_empleo,P559$15,str,3,0.0,0.0,0.0,0
modulo05_empleo,P559$16,str,3,0.0,0.0,0.0,0
modulo05_empleo,P559$17,str,3,0.0,0.0,0.0,0
modulo05_empleo,P559$18,str,3,0.0,0.0,0.0,0
modulo05_empleo,P559$19,str,2,0.0,0.0,0.0,0
modulo05_empleo,P559$20,str,3,0.0,0.0,0.0,0
modulo05_empleo,P559$21,str,3,0.0,0.0,0.0,0
modulo05_empleo,P559$22,str,3,0.0,0.0,0.0,0
modulo05_empleo,P559$23,str,2,0.0,0.0,0.0,0
modulo05_empleo,P559$24,str,2,0.0,0.0,0.0,0
modulo05_empleo,P559$25,str,3,0.0,0.0,0.0,0
modulo05_empleo,P559$26,str,2,0.0,0.0,0.0,0
modulo05_empleo,P559$27,str,1,0.0,0.0,0.0,0
modulo05_empleo,P559$28,str,1,0.0,0.0,0.0,0
modulo05_empleo,P559$29,str,1,0.0,0.0,0.0,0
modulo05_empleo,P559$30,str,1,0.0,0.0,0.0,0
modulo05_empleo,P559$31,str,1,0.0,0.0,0.0,0
modulo05_empleo,P559$32,str,1,0.0,0.0,0.0,0
modulo05_empleo,P559$33,str,1,0.0,0.0,0.0,0
modulo05_empleo,P559$34,str,1,0.0,0.0,0.0,0
modulo05_empleo,P559$35,str,1,0.0,0.0,0.0,0
modulo05_empleo,P559$36,str,1,0.0,0.0,0.0,0
modulo05_empleo,P559$37,str,1,0.0,0.0,0.0,0
modulo05_empleo,P559$38,str,1,0.0,0.0,0.0,0
modulo05_empleo,P559$39,str,1,0.0,0.0,0.0,0
modulo05_empleo,P559$40,str,1,0.0,0.0,0.0,0
modulo05_empleo,P559$41,str,1,0.0,0.0,0.0,0
modulo05_empleo,P559$42,str,1,0.0,0.0,0.0,0
modulo05_empleo,P559$43,str,1,0.0,0.0,0.0,0
modulo05_empleo,P559$44,str,1,0.0,0.0,0.0,0
modulo05_empleo,P559$45,str,1,0.0,0.0,0.0,0
modulo05_empleo,P559$46,str,1,0.0,0.0,0.0,0
modulo05_empleo,P559$47,str,1,0.0,0.0,0.0,0
modulo05_empleo,P559$48,str,1,0.0,0.0,0.0,0
modulo05_empleo,P559$49,str,1,0.0,0.0,0.0,0
modulo05_empleo,P559$50,str,1,0.0,0.0,0.0,0
modulo05_empleo,P559T$01,str,2,0.0,0.0,0.0,0
modulo05_empleo,P559T$02,str,2,0.0,0.0,0.0,0
modulo05_empleo,P559T$03,str,2,0.0,0.0,0.0,0
modulo05_empleo,P559T$04,str,5,0.0,0.0,0.0,0
modulo05_empleo,P559T$05,str,5,0.0,0.0,0.0,0
modulo05_empleo,P559T$06,str,5,0.0,0.0,0.0,0
modulo05_empleo,P559T$07,str,5,0.0,0.0,0.0,0
modulo05_empleo,P559T$08,str,5,0.0,0.0,0.0,0
modulo05_empleo,P559T$09,str,5,0.0,0.0,0.0,0
modulo05_empleo,P559T$10,str,5,0.0,0.0,0.0,0
modulo05_empleo,P559T$11,str,5,0.0,0.0,0.0,0
modulo05_empleo,P559T$12,str,5,0.0,0.0,0.0,0
modulo05_empleo,P559T$13,str,5,0.0,0.0,0.0,0
modulo05_empleo,P559T$14,str,5,0.0,0.0,0.0,0
modulo05_empleo,P559T$15,str,5,0.0,0.0,0.0,0
modulo05_empleo,P559T$16,str,4,0.0,0.0,0.0,0
modulo05_empleo,P559T$17,str,4,0.0,0.0,0.0,0
modulo05_empleo,P559T$18,str,3,0.0,0.0,0.0,0
modulo05_empleo,P559T$19,str,3,0.0,0.0,0.0,0
modulo05_empleo,P559T$20,str,3,0.0,0.0,0.0,0
modulo05_empleo,P559T$21,str,3,0.0,0.0,0.0,0
modulo05_empleo,P559T$22,str,3,0.0,0.0,0.0,0
modulo05_empleo,P559T$23,str,3,0.0,0.0,0.0,0
modulo05_empleo,P559T$24,str,2,0.0,0.0,0.0,0
modulo05_empleo,P559T$25,str,2,0.0,0.0,0.0,0
modulo05_empleo,P559T$26,str,1,0.0,0.0,0.0,0
modulo05_empleo,P559T$27,str,1,0.0,0.0,0.0,0
modulo05_empleo,P559T$28,str,1,0.0,0.0,0.0,0
modulo05_empleo,P559T$29,str,1,0.0,0.0,0.0,0
modulo05_empleo,P559T$30,str,1,0.0,0.0,0.0,0
modulo05_empleo,P559T$31,str,1,0.0,0.0,0.0,0
modulo05_empleo,P559T$32,str,1,0.0,0.0,0.0,0
modulo05_empleo,P559T$33,str,1,0.0,0.0,0.0,0
modulo05_empleo,P559T$34,str,1,0.0,0.0,0.0,0
modulo05_empleo,P559T$35,str,1,0.0,0.0,0.0,0
modulo05_empleo,P559T$36,str,1,0.0,0.0,0.0,0
modulo05_empleo,P559T$37,str,1,0.0,0.0,0.0,0
modulo05_empleo,P559T$38,str,1,0.0,0.0,0.0,0
modulo05_empleo,P559T$39,str,1,0.0,0.0,0.0,0
modulo05_empleo,P559T$40,str,1,0.0,0.0,0.0,0
modulo05_empleo,P559T$41,str,1,0.0,0.0,0.0,0
modulo05_empleo,P559T$42,str,1,0.0,0.0,0.0,0
modulo05_empleo,P559T$43,str,1,0.0,0.0,0.0,0
modulo05_empleo,P559T$44,str,1,0.0,0.0,0.0,0
modulo05_empleo,P559T$45,str,1,0.0,0.0,0.0,0
modulo05_empleo,P559T$46,str,1,0.0,0.0,0.0,0
modulo05_empleo,P559T$47,str,1,0.0,0.0,0.0,0
modulo05_empleo,P559T$48,str,1,0.0,0.0,0.0,0
modulo05_empleo,P559T$49,str,1,0.0,0.0,0.0,0
modulo05_empleo,P559T$50,str,1,0.0,0.0,0.0,0
modulo05_empleo,P559A$01,str,8,0.0,0.0,0.0,0
modulo05_empleo,P559A$02,str,8,0.0,0.0,0.0,0
modulo05_empleo,P559A$03,str,8,0.0,0.0,0.0,0
modulo05_empleo,P559A$04,str,10,0.0,0.0,0.0,0
modulo05_empleo,P559A$05,str,11,0.0,0.0,0.0,0
modulo05_empleo,P559A$06,str,9,0.0,0.0,0.0,0
modulo05_empleo,P559A$07,str,7,0.0,0.0,0.0,0
modulo05_empleo,P559A$08,str,7,0.0,0.0,0.0,0
modulo05_empleo,P559A$09,str,8,0.0,0.0,0.0,0
modulo05_empleo,P559A$10,str,7,0.0,0.0,0.0,0
modulo05_empleo,P559A$11,str,8,0.0,0.0,0.0,0
modulo05_empleo,P559A$12,str,6,0.0,0.0,0.0,0
modulo05_empleo,P559A$13,str,7,0.0,0.0,0.0,0
modulo05_empleo,P559A$14,str,5,0.0,0.0,0.0,0
modulo05_empleo,P559A$15,str,4,0.0,0.0,0.0,0
modulo05_empleo,P559A$16,str,4,0.0,0.0,0.0,0
modulo05_empleo,P559A$17,str,5,0.0,0.0,0.0,0
modulo05_empleo,P559A$18,str,4,0.0,0.0,0.0,0
modulo05_empleo,P559A$19,str,2,0.0,0.0,0.0,0
modulo05_empleo,P559A$20,str,2,0.0,0.0,0.0,0
modulo05_empleo,P559A$21,str,2,0.0,0.0,0.0,0
modulo05_empleo,P559A$22,str,3,0.0,0.0,0.0,0
modulo05_empleo,P559A$23,str,3,0.0,0.0,0.0,0
modulo05_empleo,P559A$24,str,2,0.0,0.0,0.0,0
modulo05_empleo,P559A$25,str,2,0.0,0.0,0.0,0
modulo05_empleo,P559A$26,str,1,0.0,0.0,0.0,0
modulo05_empleo,P559A$27,str,1,0.0,0.0,0.0,0
modulo05_empleo,P559A$28,str,1,0.0,0.0,0.0,0
modulo05_empleo,P559A$29,str,1,0.0,0.0,0.0,0
modulo05_empleo,P559A$30,str,1,0.0,0.0,0.0,0
modulo05_empleo,P559A$31,str,1,0.0,0.0,0.0,0
modulo05_empleo,P559A$32,str,1,0.0,0.0,0.0,0
modulo05_empleo,P559A$33,str,1,0.0,0.0,0.0,0
modulo05_empleo,P559A$34,str,1,0.0,0.0,0.0,0
modulo05_empleo,P559A$35,str,1,0.0,0.0,0.0,0
modulo05_empleo,P559A$36,str,1,0.0,0.0,0.0,0
modulo05_empleo,P559A$37,str,1,0.0,0.0,0.0,0
modulo05_empleo,P559A$38,str,1,0.0,0.0,0.0,0
modulo05_empleo,P559A$39,str,1,0.0,0.0,0.0,0
modulo05_empleo,P559A$40,str,1,0.0,0.0,0.0,0
modulo05_empleo,P559A$41,str,1,0.0,0.0,0.0,0
modulo05_empleo,P559A$42,str,1,0.0,0.0,0.0,0
modulo05_empleo,P559A$43,str,1,0.0,0.0,0.0,0
modulo05_empleo,P559A$44,str,1,0.0,0.0,0.0,0
modulo05_empleo,P559A$45,str,1,0.0,0.0,0.0,0
modulo05_empleo,P559A$46,str,1,0.0,0.0,0.0,0
modulo05_empleo,P559A$47,str,1,0.0,0.0,0.0,0
modulo05_empleo,P559A$48,str,1,0.0,0.0,0.0,0
modulo05_empleo,P559A$49,str,1,0.0,0.0,0.0,0
modulo05_empleo,P559A$50,str,1,0.0,0.0,0.0,0
modulo05_empleo,P559B$01,str,7,0.0,0.0,0.0,0
modulo05_empleo,P559B$02,str,9,0.0,0.0,0.0,0
modulo05_empleo,P559B$03,str,7,0.0,0.0,0.0,0
modulo05_empleo,P559B$04,str,8,0.0,0.0,0.0,0
modulo05_empleo,P559B$05,str,9,0.0,0.0,0.0,0
modulo05_empleo,P559B$06,str,8,0.0,0.0,0.0,0
modulo05_empleo,P559B$07,str,8,0.0,0.0,0.0,0
modulo05_empleo,P559B$08,str,8,0.0,0.0,0.0,0
modulo05_empleo,P559B$09,str,8,0.0,0.0,0.0,0
modulo05_empleo,P559B$10,str,7,0.0,0.0,0.0,0
modulo05_empleo,P559B$11,str,7,0.0,0.0,0.0,0
modulo05_empleo,P559B$12,str,7,0.0,0.0,0.0,0
modulo05_empleo,P559B$13,str,7,0.0,0.0,0.0,0
modulo05_empleo,P559B$14,str,7,0.0,0.0,0.0,0
modulo05_empleo,P559B$15,str,6,0.0,0.0,0.0,0
modulo05_empleo,P559B$16,str,5,0.0,0.0,0.0,0
modulo05_empleo,P559B$17,str,5,0.0,0.0,0.0,0
modulo05_empleo,P559B$18,str,5,0.0,0.0,0.0,0
modulo05_empleo,P559B$19,str,4,0.0,0.0,0.0,0
modulo05_empleo,P559B$20,str,4,0.0,0.0,0.0,0
modulo05_empleo,P559B$21,str,4,0.0,0.0,0.0,0
modulo05_empleo,P559B$22,str,3,0.0,0.0,0.0,0
modulo05_empleo,P559B$23,str,3,0.0,0.0,0.0,0
modulo05_empleo,P559B$24,str,3,0.0,0.0,0.0,0
modulo05_empleo,P559B$25,str,2,0.0,0.0,0.0,0
modulo05_empleo,P559B$26,str,1,0.0,0.0,0.0,0
modulo05_empleo,P559B$27,str,1,0.0,0.0,0.0,0
modulo05_empleo,P559B$28,str,1,0.0,0.0,0.0,0
modulo05_empleo,P559B$29,str,1,0.0,0.0,0.0,0
modulo05_empleo,P559B$30,str,1,0.0,0.0,0.0,0
modulo05_empleo,P559B$31,str,1,0.0,0.0,0.0,0
modulo05_empleo,P559B$32,str,1,0.0,0.0,0.0,0
modulo05_empleo,P559B$33,str,1,0.0,0.0,0.0,0
modulo05_empleo,P559B$34,str,1,0.0,0.0,0.0,0
modulo05_empleo,P559B$35,str,1,0.0,0.0,0.0,0
modulo05_empleo,P559B$36,str,1,0.0,0.0,0.0,0
modulo05_empleo,P559B$37,str,1,0.0,0.0,0.0,0
modulo05_empleo,P559B$38,str,1,0.0,0.0,0.0,0
modulo05_empleo,P559B$39,str,1,0.0,0.0,0.0,0
modulo05_empleo,P559B$40,str,1,0.0,0.0,0.0,0
modulo05_empleo,P559B$41,str,1,0.0,0.0,0.0,0
modulo05_empleo,P559B$42,str,1,0.0,0.0,0.0,0
modulo05_empleo,P559B$43,str,1,0.0,0.0,0.0,0
modulo05_empleo,P559B$44,str,1,0.0,0.0,0.0,0
modulo05_empleo,P559B$45,str,1,0.0,0.0,0.0,0
modulo05_empleo,P559B$46,str,1,0.0,0.0,0.0,0
modulo05_empleo,P559B$47,str,1,0.0,0.0,0.0,0
modulo05_empleo,P559B$48,str,1,0.0,0.0,0.0,0
modulo05_empleo,P559B$49,str,1,0.0,0.0,0.0,0
modulo05_empleo,P559B$50,str,1,0.0,0.0,0.0,0
modulo05_empleo,P559C$01,str,3,0.0,0.0,0.0,0
modulo05_empleo,P559C$02,str,3,0.0,0.0,0.0,0
modulo05_empleo,P559C$03,str,3,0.0,0.0,0.0,0
modulo05_empleo,P559C$04,str,3,0.0,0.0,0.0,0
modulo05_empleo,P559C$05,str,3,0.0,0.0,0.0,0
modulo05_empleo,P559C$06,str,3,0.0,0.0,0.0,0
modulo05_empleo,P559C$07,str,3,0.0,0.0,0.0,0
modulo05_empleo,P559C$08,str,3,0.0,0.0,0.0,0
modulo05_empleo,P559C$09,str,3,0.0,0.0,0.0,0
modulo05_empleo,P559C$10,str,3,0.0,0.0,0.0,0
modulo05_empleo,P559C$11,str,3,0.0,0.0,0.0,0
modulo05_empleo,P559C$12,str,3,0.0,0.0,0.0,0
modulo05_empleo,P559C$13,str,3,0.0,0.0,0.0,0
modulo05_empleo,P559C$14,str,3,0.0,0.0,0.0,0
modulo05_empleo,P559C$15,str,3,0.0,0.0,0.0,0
modulo05_empleo,P559C$16,str,3,0.0,0.0,0.0,0
modulo05_empleo,P559C$17,str,3,0.0,0.0,0.0,0
modulo05_empleo,P559C$18,str,3,0.0,0.0,0.0,0
modulo05_empleo,P559C$19,str,3,0.0,0.0,0.0,0
modulo05_empleo,P559C$20,str,3,0.0,0.0,0.0,0
modulo05_empleo,P559C$21,str,2,0.0,0.0,0.0,0
modulo05_empleo,P559C$22,str,2,0.0,0.0,0.0,0
modulo05_empleo,P559C$23,str,2,0.0,0.0,0.0,0
modulo05_empleo,P559C$24,str,2,0.0,0.0,0.0,0
modulo05_empleo,P559C$25,str,2,0.0,0.0,0.0,0
modulo05_empleo,P559C$26,str,1,0.0,0.0,0.0,0
modulo05_empleo,P559C$27,str,1,0.0,0.0,0.0,0
modulo05_empleo,P559C$28,str,1,0.0,0.0,0.0,0
modulo05_empleo,P559C$29,str,1,0.0,0.0,0.0,0
modulo05_empleo,P559C$30,str,1,0.0,0.0,0.0,0
modulo05_empleo,P559C$31,str,1,0.0,0.0,0.0,0
modulo05_empleo,P559C$32,str,1,0.0,0.0,0.0,0
modulo05_empleo,P559C$33,str,1,0.0,0.0,0.0,0
modulo05_empleo,P559C$34,str,1,0.0,0.0,0.0,0
modulo05_empleo,P559C$35,str,1,0.0,0.0,0.0,0
modulo05_empleo,P559C$36,str,1,0.0,0.0,0.0,0
modulo05_empleo,P559C$37,str,1,0.0,0.0,0.0,0
modulo05_empleo,P559C$38,str,1,0.0,0.0,0.0,0
modulo05_empleo,P559C$39,str,1,0.0,0.0,0.0,0
modulo05_empleo,P559C$40,str,1,0.0,0.0,0.0,0
modulo05_empleo,P559C$41,str,1,0.0,0.0,0.0,0
modulo05_empleo,P559C$42,str,1,0.0,0.0,0.0,0
modulo05_empleo,P559C$43,str,1,0.0,0.0,0.0,0
modulo05_empleo,P559C$44,str,1,0.0,0.0,0.0,0
modulo05_empleo,P559C$45,str,1,0.0,0.0,0.0,0
modulo05_empleo,P559C$46,str,1,0.0,0.0,0.0,0
modulo05_empleo,P559C$47,str,1,0.0,0.0,0.0,0
modulo05_empleo,P559C$48,str,1,0.0,0.0,0.0,0
modulo05_empleo,P559C$49,str,1,0.0,0.0,0.0,0
modulo05_empleo,P559C$50,str,1,0.0,0.0,0.0,0
modulo05_empleo,P559D$01,str,32,0.0,0.0,0.0,0
modulo05_empleo,P559D$02,str,47,0.0,0.0,0.0,0
modulo05_empleo,P559D$03,str,37,0.0,0.0,0.0,0
modulo05_empleo,P559D$04,str,75,0.0,0.0,0.0,0
modulo05_empleo,P559D$05,str,55,0.0,0.0,0.0,0
modulo05_empleo,P559D$06,str,48,0.0,0.0,0.0,0
modulo05_empleo,P559D$07,str,35,0.0,0.0,0.0,0
modulo05_empleo,P559D$08,str,29,0.0,0.0,0.0,0
modulo05_empleo,P559D$09,str,25,0.0,0.0,0.0,0
modulo05_empleo,P559D$10,str,21,0.0,0.0,0.0,0
modulo05_empleo,P559D$11,str,23,0.0,0.0,0.0,0
modulo05_empleo,P559D$12,str,21,0.0,0.0,0.0,0
modulo05_empleo,P559D$13,str,17,0.0,0.0,0.0,0
modulo05_empleo,P559D$14,str,17,0.0,0.0,0.0,0
modulo05_empleo,P559D$15,str,15,0.0,0.0,0.0,0
modulo05_empleo,P559D$16,str,10,0.0,0.0,0.0,0
modulo05_empleo,P559D$17,str,9,0.0,0.0,0.0,0
modulo05_empleo,P559D$18,str,4,0.0,0.0,0.0,0
modulo05_empleo,P559D$19,str,3,0.0,0.0,0.0,0
modulo05_empleo,P559D$20,str,3,0.0,0.0,0.0,0
modulo05_empleo,P559D$21,str,4,0.0,0.0,0.0,0
modulo05_empleo,P559D$22,str,3,0.0,0.0,0.0,0
modulo05_empleo,P559D$23,str,3,0.0,0.0,0.0,0
modulo05_empleo,P559D$24,str,2,0.0,0.0,0.0,0
modulo05_empleo,P559D$25,str,1,0.0,0.0,0.0,0
modulo05_empleo,P559D$26,str,1,0.0,0.0,0.0,0
modulo05_empleo,P559D$27,str,1,0.0,0.0,0.0,0
modulo05_empleo,P559D$28,str,1,0.0,0.0,0.0,0
modulo05_empleo,P559D$29,str,1,0.0,0.0,0.0,0
modulo05_empleo,P559D$30,str,1,0.0,0.0,0.0,0
modulo05_empleo,P559D$31,str,1,0.0,0.0,0.0,0
modulo05_empleo,P559D$32,str,1,0.0,0.0,0.0,0
modulo05_empleo,P559D$33,str,1,0.0,0.0,0.0,0
modulo05_empleo,P559D$34,str,1,0.0,0.0,0.0,0
modulo05_empleo,P559D$35,str,1,0.0,0.0,0.0,0
modulo05_empleo,P559D$36,str,1,0.0,0.0,0.0,0
modulo05_empleo,P559D$37,str,1,0.0,0.0,0.0,0
modulo05_empleo,P559D$38,str,1,0.0,0.0,0.0,0
modulo05_empleo,P559D$39,str,1,0.0,0.0,0.0,0
modulo05_empleo,P559D$40,str,1,0.0,0.0,0.0,0
modulo05_empleo,P559D$41,str,1,0.0,0.0,0.0,0
modulo05_empleo,P559D$42,str,1,0.0,0.0,0.0,0
modulo05_empleo,P559D$43,str,1,0.0,0.0,0.0,0
modulo05_empleo,P559D$44,str,1,0.0,0.0,0.0,0
modulo05_empleo,P559D$45,str,1,0.0,0.0,0.0,0
modulo05_empleo,P559D$46,str,1,0.0,0.0,0.0,0
modulo05_empleo,P559D$47,str,1,0.0,0.0,0.0,0
modulo05_empleo,P559D$48,str,1,0.0,0.0,0.0,0
modulo05_empleo,P559D$49,str,1,0.0,0.0,0.0,0
modulo05_empleo,P559D$50,str,1,0.0,0.0,0.0,0
modulo05_empleo,P559E$01,str,3,0.0,0.0,0.0,0
modulo05_empleo,P559E$02,str,3,0.0,0.0,0.0,0
modulo05_empleo,P559E$03,str,3,0.0,0.0,0.0,0
modulo05_empleo,P559E$04,str,3,0.0,0.0,0.0,0
modulo05_empleo,P559E$05,str,3,0.0,0.0,0.0,0
modulo05_empleo,P559E$06,str,3,0.0,0.0,0.0,0
modulo05_empleo,P559E$07,str,3,0.0,0.0,0.0,0
modulo05_empleo,P559E$08,str,3,0.0,0.0,0.0,0
modulo05_empleo,P559E$09,str,3,0.0,0.0,0.0,0
modulo05_empleo,P559E$10,str,3,0.0,0.0,0.0,0
modulo05_empleo,P559E$11,str,3,0.0,0.0,0.0,0
modulo05_empleo,P559E$12,str,3,0.0,0.0,0.0,0
modulo05_empleo,P559E$13,str,3,0.0,0.0,0.0,0
modulo05_empleo,P559E$14,str,3,0.0,0.0,0.0,0
modulo05_empleo,P559E$15,str,3,0.0,0.0,0.0,0
modulo05_empleo,P559E$16,str,3,0.0,0.0,0.0,0
modulo05_empleo,P559E$17,str,3,0.0,0.0,0.0,0
modulo05_empleo,P559E$18,str,2,0.0,0.0,0.0,0
modulo05_empleo,P559E$19,str,2,0.0,0.0,0.0,0
modulo05_empleo,P559E$20,str,3,0.0,0.0,0.0,0
modulo05_empleo,P559E$21,str,2,0.0,0.0,0.0,0
modulo05_empleo,P559E$22,str,2,0.0,0.0,0.0,0
modulo05_empleo,P559E$23,str,2,0.0,0.0,0.0,0
modulo05_empleo,P559E$24,str,2,0.0,0.0,0.0,0
modulo05_empleo,P559E$25,str,1,0.0,0.0,0.0,0
modulo05_empleo,P559E$26,str,1,0.0,0.0,0.0,0
modulo05_empleo,P559E$27,str,1,0.0,0.0,0.0,0
modulo05_empleo,P559E$28,str,1,0.0,0.0,0.0,0
modulo05_empleo,P559E$29,str,1,0.0,0.0,0.0,0
modulo05_empleo,P559E$30,str,1,0.0,0.0,0.0,0
modulo05_empleo,P559E$31,str,1,0.0,0.0,0.0,0
modulo05_empleo,P559E$32,str,1,0.0,0.0,0.0,0
modulo05_empleo,P559E$33,str,1,0.0,0.0,0.0,0
modulo05_empleo,P559E$34,str,1,0.0,0.0,0.0,0
modulo05_empleo,P559E$35,str,1,0.0,0.0,0.0,0
modulo05_empleo,P559E$36,str,1,0.0,0.0,0.0,0
modulo05_empleo,P559E$37,str,1,0.0,0.0,0.0,0
modulo05_empleo,P559E$38,str,1,0.0,0.0,0.0,0
modulo05_empleo,P559E$39,str,1,0.0,0.0,0.0,0
modulo05_empleo,P559E$40,str,1,0.0,0.0,0.0,0
modulo05_empleo,P559E$41,str,1,0.0,0.0,0.0,0
modulo05_empleo,P559E$42,str,1,0.0,0.0,0.0,0
modulo05_empleo,P559E$43,str,1,0.0,0.0,0.0,0
modulo05_empleo,P559E$44,str,1,0.0,0.0,0.0,0
modulo05_empleo,P559E$45,str,1,0.0,0.0,0.0,0
modulo05_empleo,P559E$46,str,1,0.0,0.0,0.0,0
modulo05_empleo,P559E$47,str,1,0.0,0.0,0.0,0
modulo05_empleo,P559E$48,str,1,0.0,0.0,0.0,0
modulo05_empleo,P559E$49,str,1,0.0,0.0,0.0,0
modulo05_empleo,P559E$50,str,1,0.0,0.0,0.0,0
modulo05_empleo,P59F1$01,str,5,0.0,0.0,0.0,0
modulo05_empleo,P59F1$02,str,5,0.0,0.0,0.0,0
modulo05_empleo,P59F1$03,str,5,0.0,0.0,0.0,0
modulo05_empleo,P59F1$04,str,9,0.0,0.0,0.0,0
modulo05_empleo,P59F1$05,str,6,0.0,0.0,0.0,0
modulo05_empleo,P59F1$06,str,6,0.0,0.0,0.0,0
modulo05_empleo,P59F1$07,str,5,0.0,0.0,0.0,0
modulo05_empleo,P59F1$08,str,6,0.0,0.0,0.0,0
modulo05_empleo,P59F1$09,str,5,0.0,0.0,0.0,0
modulo05_empleo,P59F1$10,str,3,0.0,0.0,0.0,0
modulo05_empleo,P59F1$11,str,4,0.0,0.0,0.0,0
modulo05_empleo,P59F1$12,str,3,0.0,0.0,0.0,0
modulo05_empleo,P59F1$13,str,3,0.0,0.0,0.0,0
modulo05_empleo,P59F1$14,str,2,0.0,0.0,0.0,0
modulo05_empleo,P59F1$15,str,4,0.0,0.0,0.0,0
modulo05_empleo,P59F1$16,str,3,0.0,0.0,0.0,0
modulo05_empleo,P59F1$17,str,2,0.0,0.0,0.0,0
modulo05_empleo,P59F1$18,str,1,0.0,0.0,0.0,0
modulo05_empleo,P59F1$19,str,1,0.0,0.0,0.0,0
modulo05_empleo,P59F1$20,str,2,0.0,0.0,0.0,0
modulo05_empleo,P59F1$21,str,1,0.0,0.0,0.0,0
modulo05_empleo,P59F1$22,str,1,0.0,0.0,0.0,0
modulo05_empleo,P59F1$23,str,1,0.0,0.0,0.0,0
modulo05_empleo,P59F1$24,str,1,0.0,0.0,0.0,0
modulo05_empleo,P59F1$25,str,1,0.0,0.0,0.0,0
modulo05_empleo,P59F1$26,str,1,0.0,0.0,0.0,0
modulo05_empleo,P59F1$27,str,1,0.0,0.0,0.0,0
modulo05_empleo,P59F1$28,str,1,0.0,0.0,0.0,0
modulo05_empleo,P59F1$29,str,1,0.0,0.0,0.0,0
modulo05_empleo,P59F1$30,str,1,0.0,0.0,0.0,0
modulo05_empleo,P59F1$31,str,1,0.0,0.0,0.0,0
modulo05_empleo,P59F1$32,str,1,0.0,0.0,0.0,0
modulo05_empleo,P59F1$33,str,1,0.0,0.0,0.0,0
modulo05_empleo,P59F1$34,str,1,0.0,0.0,0.0,0
modulo05_empleo,P59F1$35,str,1,0.0,0.0,0.0,0
modulo05_empleo,P59F1$36,str,1,0.0,0.0,0.0,0
modulo05_empleo,P59F1$37,str,1,0.0,0.0,0.0,0
modulo05_empleo,P59F1$38,str,1,0.0,0.0,0.0,0
modulo05_empleo,P59F1$39,str,1,0.0,0.0,0.0,0
modulo05_empleo,P59F1$40,str,1,0.0,0.0,0.0,0
modulo05_empleo,P59F1$41,str,1,0.0,0.0,0.0,0
modulo05_empleo,P59F1$42,str,1,0.0,0.0,0.0,0
modulo05_empleo,P59F1$43,str,1,0.0,0.0,0.0,0
modulo05_empleo,P59F1$44,str,1,0.0,0.0,0.0,0
modulo05_empleo,P59F1$45,str,1,0.0,0.0,0.0,0
modulo05_empleo,P59F1$46,str,1,0.0,0.0,0.0,0
modulo05_empleo,P59F1$47,str,1,0.0,0.0,0.0,0
modulo05_empleo,P59F1$48,str,1,0.0,0.0,0.0,0
modulo05_empleo,P59F1$49,str,1,0.0,0.0,0.0,0
modulo05_empleo,P59F1$50,str,1,0.0,0.0,0.0,0
modulo05_empleo,P59F2$01,str,6,0.0,0.0,0.0,0
modulo05_empleo,P59F2$02,str,6,0.0,0.0,0.0,0
modulo05_empleo,P59F2$03,str,6,0.0,0.0,0.0,0
modulo05_empleo,P59F2$04,str,8,0.0,0.0,0.0,0
modulo05_empleo,P59F2$05,str,6,0.0,0.0,0.0,0
modulo05_empleo,P59F2$06,str,6,0.0,0.0,0.0,0
modulo05_empleo,P59F2$07,str,6,0.0,0.0,0.0,0
modulo05_empleo,P59F2$08,str,4,0.0,0.0,0.0,0
modulo05_empleo,P59F2$09,str,5,0.0,0.0,0.0,0
modulo05_empleo,P59F2$10,str,3,0.0,0.0,0.0,0
modulo05_empleo,P59F2$11,str,3,0.0,0.0,0.0,0
modulo05_empleo,P59F2$12,str,3,0.0,0.0,0.0,0
modulo05_empleo,P59F2$13,str,3,0.0,0.0,0.0,0
modulo05_empleo,P59F2$14,str,2,0.0,0.0,0.0,0
modulo05_empleo,P59F2$15,str,3,0.0,0.0,0.0,0
modulo05_empleo,P59F2$16,str,2,0.0,0.0,0.0,0
modulo05_empleo,P59F2$17,str,3,0.0,0.0,0.0,0
modulo05_empleo,P59F2$18,str,1,0.0,0.0,0.0,0
modulo05_empleo,P59F2$19,str,1,0.0,0.0,0.0,0
modulo05_empleo,P59F2$20,str,2,0.0,0.0,0.0,0
modulo05_empleo,P59F2$21,str,1,0.0,0.0,0.0,0
modulo05_empleo,P59F2$22,str,1,0.0,0.0,0.0,0
modulo05_empleo,P59F2$23,str,1,0.0,0.0,0.0,0
modulo05_empleo,P59F2$24,str,1,0.0,0.0,0.0,0
modulo05_empleo,P59F2$25,str,1,0.0,0.0,0.0,0
modulo05_empleo,P59F2$26,str,1,0.0,0.0,0.0,0
modulo05_empleo,P59F2$27,str,1,0.0,0.0,0.0,0
modulo05_empleo,P59F2$28,str,1,0.0,0.0,0.0,0
modulo05_empleo,P59F2$29,str,1,0.0,0.0,0.0,0
modulo05_empleo,P59F2$30,str,1,0.0,0.0,0.0,0
modulo05_empleo,P59F2$31,str,1,0.0,0.0,0.0,0
modulo05_empleo,P59F2$32,str,1,0.0,0.0,0.0,0
modulo05_empleo,P59F2$33,str,1,0.0,0.0,0.0,0
modulo05_empleo,P59F2$34,str,1,0.0,0.0,0.0,0
modulo05_empleo,P59F2$35,str,1,0.0,0.0,0.0,0
modulo05_empleo,P59F2$36,str,1,0.0,0.0,0.0,0
modulo05_empleo,P59F2$37,str,1,0.0,0.0,0.0,0
modulo05_empleo,P59F2$38,str,1,0.0,0.0,0.0,0
modulo05_empleo,P59F2$39,str,1,0.0,0.0,0.0,0
modulo05_empleo,P59F2$40,str,1,0.0,0.0,0.0,0
modulo05_empleo,P59F2$41,str,1,0.0,0.0,0.0,0
modulo05_empleo,P59F2$42,str,1,0.0,0.0,0.0,0
modulo05_empleo,P59F2$43,str,1,0.0,0.0,0.0,0
modulo05_empleo,P59F2$44,str,1,0.0,0.0,0.0,0
modulo05_empleo,P59F2$45,str,1,0.0,0.0,0.0,0
modulo05_empleo,P59F2$46,str,1,0.0,0.0,0.0,0
modulo05_empleo,P59F2$47,str,1,0.0,0.0,0.0,0
modulo05_empleo,P59F2$48,str,1,0.0,0.0,0.0,0
modulo05_empleo,P59F2$49,str,1,0.0,0.0,0.0,0
modulo05_empleo,P59F2$50,str,1,0.0,0.0,0.0,0
modulo05_empleo,P560T$01,str,3,0.0,0.0,0.0,0
modulo05_empleo,P560T$02,str,3,0.0,0.0,0.0,0
modulo05_empleo,P560T$03,str,3,0.0,0.0,0.0,0
modulo05_empleo,P560T$04,str,3,0.0,0.0,0.0,0
modulo05_empleo,P560T$05,str,3,0.0,0.0,0.0,0
modulo05_empleo,P560T$06,str,3,0.0,0.0,0.0,0
modulo05_empleo,P560T$07,str,3,0.0,0.0,0.0,0
modulo05_empleo,P560T$11,str,3,0.0,0.0,0.0,0
modulo05_empleo,P560T$08,str,2,0.0,0.0,0.0,0
modulo05_empleo,P560T$09,str,3,0.0,0.0,0.0,0
modulo05_empleo,P560T$10,str,3,0.0,0.0,0.0,0
modulo05_empleo,P560A1$01,str,12,0.0,0.0,0.0,0
modulo05_empleo,P560A1$02,str,11,0.0,0.0,0.0,0
modulo05_empleo,P560A1$03,str,10,0.0,0.0,0.0,0
modulo05_empleo,P560A1$04,str,13,0.0,0.0,0.0,0
modulo05_empleo,P560A1$05,str,10,0.0,0.0,0.0,0
modulo05_empleo,P560A1$06,str,12,0.0,0.0,0.0,0
modulo05_empleo,P560A1$07,str,7,0.0,0.0,0.0,0
modulo05_empleo,P560A1$11,str,8,0.0,0.0,0.0,0
modulo05_empleo,P560A1$08,str,1,0.0,0.0,0.0,0
modulo05_empleo,P560A1$09,str,2,0.0,0.0,0.0,0
modulo05_empleo,P560A1$10,str,5,0.0,0.0,0.0,0
modulo05_empleo,P560A$01,str,14,0.0,0.0,0.0,0
modulo05_empleo,P560A$02,str,17,0.0,0.0,0.0,0
modulo05_empleo,P560A$03,str,14,0.0,0.0,0.0,0
modulo05_empleo,P560A$04,str,18,0.0,0.0,0.0,0
modulo05_empleo,P560A$05,str,13,0.0,0.0,0.0,0
modulo05_empleo,P560A$06,str,11,0.0,0.0,0.0,0
modulo05_empleo,P560A$07,str,11,0.0,0.0,0.0,0
modulo05_empleo,P560A$11,str,8,0.0,0.0,0.0,0
modulo05_empleo,P560A$08,str,1,0.0,0.0,0.0,0
modulo05_empleo,P560A$09,str,2,0.0,0.0,0.0,0
modulo05_empleo,P560A$10,str,3,0.0,0.0,0.0,0
modulo05_empleo,P560C$01,str,3,0.0,0.0,0.0,0
modulo05_empleo,P560C$02,str,3,0.0,0.0,0.0,0
modulo05_empleo,P560C$03,str,3,0.0,0.0,0.0,0
modulo05_empleo,P560C$04,str,3,0.0,0.0,0.0,0
modulo05_empleo,P560C$05,str,3,0.0,0.0,0.0,0
modulo05_empleo,P560C$06,str,3,0.0,0.0,0.0,0
modulo05_empleo,P560C$07,str,3,0.0,0.0,0.0,0
modulo05_empleo,P560C$11,str,3,0.0,0.0,0.0,0
modulo05_empleo,P560C$08,str,1,0.0,0.0,0.0,0
modulo05_empleo,P560C$09,str,2,0.0,0.0,0.0,0
modulo05_empleo,P560C$10,str,3,0.0,0.0,0.0,0
modulo05_empleo,P560D$01,str,59,0.0,0.0,0.0,0
modulo05_empleo,P560D$02,str,40,0.0,0.0,0.0,0
modulo05_empleo,P560D$03,str,36,0.0,0.0,0.0,0
modulo05_empleo,P560D$04,str,43,0.0,0.0,0.0,0
modulo05_empleo,P560D$05,str,48,0.0,0.0,0.0,0
modulo05_empleo,P560D$06,str,84,0.0,0.0,0.0,0
modulo05_empleo,P560D$07,str,45,0.0,0.0,0.0,0
modulo05_empleo,P560D$11,str,5,0.0,0.0,0.0,0
modulo05_empleo,P560D$08,str,1,0.0,0.0,0.0,0
modulo05_empleo,P560D$09,str,2,0.0,0.0,0.0,0
modulo05_empleo,P560D$10,str,3,0.0,0.0,0.0,0
modulo05_empleo,P560E$01,str,3,0.0,0.0,0.0,0
modulo05_empleo,P560E$02,str,3,0.0,0.0,0.0,0
modulo05_empleo,P560E$03,str,3,0.0,0.0,0.0,0
modulo05_empleo,P560E$04,str,3,0.0,0.0,0.0,0
modulo05_empleo,P560E$05,str,3,0.0,0.0,0.0,0
modulo05_empleo,P560E$06,str,3,0.0,0.0,0.0,0
modulo05_empleo,P560E$07,str,3,0.0,0.0,0.0,0
modulo05_empleo,P560E$11,str,2,0.0,0.0,0.0,0
modulo05_empleo,P560E$08,str,1,0.0,0.0,0.0,0
modulo05_empleo,P560E$09,str,1,0.0,0.0,0.0,0
modulo05_empleo,P560E$10,str,1,0.0,0.0,0.0,0
modulo05_empleo,P560F1$01,str,4,0.0,0.0,0.0,0
modulo05_empleo,P560F1$02,str,4,0.0,0.0,0.0,0
modulo05_empleo,P560F1$03,str,3,0.0,0.0,0.0,0
modulo05_empleo,P560F1$04,str,4,0.0,0.0,0.0,0
modulo05_empleo,P560F1$05,str,2,0.0,0.0,0.0,0
modulo05_empleo,P560F1$06,str,5,0.0,0.0,0.0,0
modulo05_empleo,P560F1$07,str,2,0.0,0.0,0.0,0
modulo05_empleo,P560F1$11,str,2,0.0,0.0,0.0,0
modulo05_empleo,P560F1$08,str,1,0.0,0.0,0.0,0
modulo05_empleo,P560F1$09,str,1,0.0,0.0,0.0,0
modulo05_empleo,P560F1$10,str,1,0.0,0.0,0.0,0
modulo05_empleo,P560F2$01,str,5,0.0,0.0,0.0,0
modulo05_empleo,P560F2$02,str,5,0.0,0.0,0.0,0
modulo05_empleo,P560F2$03,str,4,0.0,0.0,0.0,0
modulo05_empleo,P560F2$04,str,4,0.0,0.0,0.0,0
modulo05_empleo,P560F2$05,str,2,0.0,0.0,0.0,0
modulo05_empleo,P560F2$06,str,5,0.0,0.0,0.0,0
modulo05_empleo,P560F2$07,str,2,0.0,0.0,0.0,0
modulo05_empleo,P560F2$11,str,2,0.0,0.0,0.0,0
modulo05_empleo,P560F2$08,str,1,0.0,0.0,0.0,0
modulo05_empleo,P560F2$09,str,1,0.0,0.0,0.0,0
modulo05_empleo,P560F2$10,str,1,0.0,0.0,0.0,0
modulo05_empleo,P599,str,5,0.0,0.0,0.0,0
modulo05_empleo,P203,int64,10,0.0,0.0,0.0,0
modulo05_empleo,P204,int64,2,0.0,0.0,0.0,0
modulo05_empleo,P205,str,3,0.0,0.0,0.0,0
modulo05_empleo,P206,str,2,0.0,0.0,0.0,0
modulo05_empleo,P207,int64,2,0.0,0.0,0.0,0
modulo05_empleo,P208A,int64,85,0.0,0.0,0.0,0
modulo05_empleo,P209,int64,6,0.0,0.0,0.0,0
modulo05_empleo,P301A,str,13,0.0,0.0,0.0,0
modulo05_empleo,IMPUTADO,str,2,0.0,0.0,0.0,0
modulo05_empleo,TICUEST01A,int64,1,0.0,0.0,0.0,0
modulo05_empleo,D524A1,str,868,0.0,0.0,0.0,0
modulo05_empleo,D524B1,str,410,0.0,0.0,0.0,0
modulo05_empleo,D524C1,str,80,0.0,0.0,0.0,0
modulo05_empleo,D524D1,str,75,0.0,0.0,0.0,0
modulo05_empleo,D524E1,str,1011,0.0,0.0,0.0,0
modulo05_empleo,D5291B,str,280,0.0,0.0,0.0,0
modulo05_empleo,D5292B,str,42,0.0,0.0,0.0,0
modulo05_empleo,D5293B,str,66,0.0,0.0,0.0,0
modulo05_empleo,D5294B,str,39,0.0,0.0,0.0,0
modulo05_empleo,D5295B,str,1,0.0,0.0,0.0,0
modulo05_empleo,D5296B,str,12,0.0,0.0,0.0,0
modulo05_empleo,D529T,str,365,0.0,0.0,0.0,0
modulo05_empleo,D530A,str,1156,0.0,0.0,0.0,0
modulo05_empleo,D536,str,669,0.0,0.0,0.0,0
modulo05_empleo,D538A1,str,126,0.0,0.0,0.0,0
modulo05_empleo,D538B1,str,7,0.0,0.0,0.0,0
modulo05_empleo,D538C1,str,2,0.0,0.0,0.0,0
modulo05_empleo,D538D1,str,2,0.0,0.0,0.0,0
modulo05_empleo,D538E1,str,125,0.0,0.0,0.0,0
modulo05_empleo,D5401B,str,75,0.0,0.0,0.0,0
modulo05_empleo,D5402B,str,2,0.0,0.0,0.0,0
modulo05_empleo,D5403B,str,1,0.0,0.0,0.0,0
modulo05_empleo,D5404B,str,4,0.0,0.0,0.0,0
modulo05_empleo,D5405B,str,1,0.0,0.0,0.0,0
modulo05_empleo,D5406B,str,2,0.0,0.0,0.0,0
modulo05_empleo,D540T,str,76,0.0,0.0,0.0,0
modulo05_empleo,D541A,str,252,0.0,0.0,0.0,0
modulo05_empleo,D543,str,149,0.0,0.0,0.0,0
modulo05_empleo,D5441B,str,198,0.0,0.0,0.0,0
modulo05_empleo,D5442B,str,197,0.0,0.0,0.0,0
modulo05_empleo,D5443B,str,25,0.0,0.0,0.0,0
modulo05_empleo,D5444B,str,41,0.0,0.0,0.0,0
modulo05_empleo,D5445B,str,49,0.0,0.0,0.0,0
modulo05_empleo,D5446B,str,6,0.0,0.0,0.0,0
modulo05_empleo,D5447B,str,144,0.0,0.0,0.0,0
modulo05_empleo,D5448B,str,9,0.0,0.0,0.0,0
modulo05_empleo,D544T,str,311,0.0,0.0,0.0,0
modulo05_empleo,D5561C,str,7,0.0,0.0,0.0,0
modulo05_empleo,D5561E,str,1,0.0,0.0,0.0,0
modulo05_empleo,D5562C,str,115,0.0,0.0,0.0,0
modulo05_empleo,D5562E,str,3,0.0,0.0,0.0,0
modulo05_empleo,D5563C,str,156,0.0,0.0,0.0,0
modulo05_empleo,D5563E,str,19,0.0,0.0,0.0,0
modulo05_empleo,D5564C,str,160,0.0,0.0,0.0,0
modulo05_empleo,D5564E,str,1,0.0,0.0,0.0,0
modulo05_empleo,D5565C,str,56,0.0,0.0,0.0,0
modulo05_empleo,D5565E,str,1,0.0,0.0,0.0,0
modulo05_empleo,D5566C,str,14,0.0,0.0,0.0,0
modulo05_empleo,D5566E,str,1,0.0,0.0,0.0,0
modulo05_empleo,D5567C,str,24,0.0,0.0,0.0,0
modulo05_empleo,D5567E,str,1,0.0,0.0,0.0,0
modulo05_empleo,D5568C,str,28,0.0,0.0,0.0,0
modulo05_empleo,D5568E,str,1,0.0,0.0,0.0,0
modulo05_empleo,D5569C,str,56,0.0,0.0,0.0,0
modulo05_empleo,D5569E,str,1,0.0,0.0,0.0,0
modulo05_empleo,D55610C,str,5,0.0,0.0,0.0,0
modulo05_empleo,D55610E,str,1,0.0,0.0,0.0,0
modulo05_empleo,D55611C,str,11,0.0,0.0,0.0,0
modulo05_empleo,D55611E,str,1,0.0,0.0,0.0,0
modulo05_empleo,D55612C,str,4,0.0,0.0,0.0,0
modulo05_empleo,D55612E,str,1,0.0,0.0,0.0,0
modulo05_empleo,D55613C,str,8,0.0,0.0,0.0,0
modulo05_empleo,D55613E,str,1,0.0,0.0,0.0,0
modulo05_empleo,D55614C,str,2,0.0,0.0,0.0,0
modulo05_empleo,D55614E,str,1,0.0,0.0,0.0,0
modulo05_empleo,D55620C,str,1,0.0,0.0,0.0,0
modulo05_empleo,D55620E,str,1,0.0,0.0,0.0,0
modulo05_empleo,D55621C,str,1,0.0,0.0,0.0,0
modulo05_empleo,D55621E,str,1,0.0,0.0,0.0,0
modulo05_empleo,D55622C,str,1,0.0,0.0,0.0,0
modulo05_empleo,D55622E,str,1,0.0,0.0,0.0,0
modulo05_empleo,D55623C,str,14,0.0,0.0,0.0,0
modulo05_empleo,D55623E,str,1,0.0,0.0,0.0,0
modulo05_empleo,D55627C,str,10,0.0,0.0,0.0,0
modulo05_empleo,D55627E,str,1,0.0,0.0,0.0,0
modulo05_empleo,D55628C,str,1,0.0,0.0,0.0,0
modulo05_empleo,D55628E,str,1,0.0,0.0,0.0,0
modulo05_empleo,D556T1,str,588,0.0,0.0,0.0,0
modulo05_empleo,D556T2,str,21,0.0,0.0,0.0,0
modulo05_empleo,D5571C,str,3,0.0,0.0,0.0,0
modulo05_empleo,D5572C,str,6,0.0,0.0,0.0,0
modulo05_empleo,D5573C,str,8,0.0,0.0,0.0,0
modulo05_empleo,D5574C,str,3,0.0,0.0,0.0,0
modulo05_empleo,D5575C,str,77,0.0,0.0,0.0,0
modulo05_empleo,D5576C,str,13,0.0,0.0,0.0,0
modulo05_empleo,D5577C,str,31,0.0,0.0,0.0,0
modulo05_empleo,D5578C,str,15,0.0,0.0,0.0,0
modulo05_empleo,D557T,str,139,0.0,0.0,0.0,0
modulo05_empleo,D558T,str,338,0.0,0.0,0.0,0
modulo05_empleo,D559D1,str,274,0.0,0.0,0.0,0
modulo05_empleo,D559D2,str,375,0.0,0.0,0.0,0
modulo05_empleo,D559D3,str,219,0.0,0.0,0.0,0
modulo05_empleo,D559D41,str,472,0.0,0.0,0.0,0
modulo05_empleo,D559D42,str,349,0.0,0.0,0.0,0
modulo05_empleo,D559D43,str,245,0.0,0.0,0.0,0
modulo05_empleo,D559D44,str,178,0.0,0.0,0.0,0
modulo05_empleo,D559D45,str,146,0.0,0.0,0.0,0
modulo05_empleo,D559D46,str,108,0.0,0.0,0.0,0
modulo05_empleo,D559D47,str,80,0.0,0.0,0.0,0
modulo05_empleo,D559D48,str,63,0.0,0.0,0.0,0
modulo05_empleo,D559D49,str,52,0.0,0.0,0.0,0
modulo05_empleo,D559D410,str,36,0.0,0.0,0.0,0
modulo05_empleo,D559D411,str,29,0.0,0.0,0.0,0
modulo05_empleo,D559D412,str,18,0.0,0.0,0.0,0
modulo05_empleo,D559D413,str,12,0.0,0.0,0.0,0
modulo05_empleo,D559D414,str,10,0.0,0.0,0.0,0
modulo05_empleo,D559D415,str,4,0.0,0.0,0.0,0
modulo05_empleo,D559D416,str,3,0.0,0.0,0.0,0
modulo05_empleo,D559D417,str,4,0.0,0.0,0.0,0
modulo05_empleo,D559D418,str,4,0.0,0.0,0.0,0
modulo05_empleo,D559D419,str,3,0.0,0.0,0.0,0
modulo05_empleo,D559D420,str,3,0.0,0.0,0.0,0
modulo05_empleo,D559D421,str,2,0.0,0.0,0.0,0
modulo05_empleo,D559D422,str,1,0.0,0.0,0.0,0
modulo05_empleo,D559D423,str,1,0.0,0.0,0.0,0
modulo05_empleo,D559D424,str,1,0.0,0.0,0.0,0
modulo05_empleo,D559D425,str,1,0.0,0.0,0.0,0
modulo05_empleo,D559D426,str,1,0.0,0.0,0.0,0
modulo05_empleo,D559D427,str,1,0.0,0.0,0.0,0
modulo05_empleo,D559D428,str,1,0.0,0.0,0.0,0
modulo05_empleo,D559D429,str,1,0.0,0.0,0.0,0
modulo05_empleo,D559D430,str,1,0.0,0.0,0.0,0
modulo05_empleo,D559D431,str,1,0.0,0.0,0.0,0
modulo05_empleo,D559D432,str,1,0.0,0.0,0.0,0
modulo05_empleo,D559D433,str,1,0.0,0.0,0.0,0
modulo05_empleo,D559D434,str,1,0.0,0.0,0.0,0
modulo05_empleo,D559D435,str,1,0.0,0.0,0.0,0
modulo05_empleo,D559D436,str,1,0.0,0.0,0.0,0
modulo05_empleo,D559D437,str,1,0.0,0.0,0.0,0
modulo05_empleo,D559D438,str,1,0.0,0.0,0.0,0
modulo05_empleo,D559D439,str,1,0.0,0.0,0.0,0
modulo05_empleo,D559D440,str,1,0.0,0.0,0.0,0
modulo05_empleo,D559D441,str,1,0.0,0.0,0.0,0
modulo05_empleo,D559D442,str,1,0.0,0.0,0.0,0
modulo05_empleo,D559D443,str,1,0.0,0.0,0.0,0
modulo05_empleo,D559D444,str,1,0.0,0.0,0.0,0
modulo05_empleo,D559D445,str,1,0.0,0.0,0.0,0
modulo05_empleo,D559D446,str,1,0.0,0.0,0.0,0
modulo05_empleo,D559D447,str,1,0.0,0.0,0.0,0
modulo05_empleo,D560D1,str,412,0.0,0.0,0.0,0
modulo05_empleo,D560D2,str,260,0.0,0.0,0.0,0
modulo05_empleo,D560D3,str,92,0.0,0.0,0.0,0
modulo05_empleo,D560D4,str,301,0.0,0.0,0.0,0
modulo05_empleo,D560D5,str,231,0.0,0.0,0.0,0
modulo05_empleo,D560D6,str,139,0.0,0.0,0.0,0
modulo05_empleo,D560D7,str,83,0.0,0.0,0.0,0
modulo05_empleo,D560D11,str,18,0.0,0.0,0.0,0
modulo05_empleo,D560D8,str,1,0.0,0.0,0.0,0
modulo05_empleo,D560D9,str,2,0.0,0.0,0.0,0
modulo05_empleo,D560D10,str,6,0.0,0.0,0.0,0
modulo05_empleo,T559B$01,str,11,0.0,0.0,0.0,0
modulo05_empleo,T559B$02,str,13,0.0,0.0,0.0,0
modulo05_empleo,T559B$03,str,11,0.0,0.0,0.0,0
modulo05_empleo,T559B$04,str,11,0.0,0.0,0.0,0
modulo05_empleo,T559B$05,str,12,0.0,0.0,0.0,0
modulo05_empleo,T559B$06,str,11,0.0,0.0,0.0,0
modulo05_empleo,T559B$07,str,11,0.0,0.0,0.0,0
modulo05_empleo,T559B$08,str,11,0.0,0.0,0.0,0
modulo05_empleo,T559B$09,str,11,0.0,0.0,0.0,0
modulo05_empleo,T559B$10,str,10,0.0,0.0,0.0,0
modulo05_empleo,T559B$11,str,10,0.0,0.0,0.0,0
modulo05_empleo,T559B$12,str,9,0.0,0.0,0.0,0
modulo05_empleo,T559B$13,str,8,0.0,0.0,0.0,0
modulo05_empleo,T559B$14,str,7,0.0,0.0,0.0,0
modulo05_empleo,T559B$15,str,6,0.0,0.0,0.0,0
modulo05_empleo,T559B$16,str,5,0.0,0.0,0.0,0
modulo05_empleo,T559B$17,str,5,0.0,0.0,0.0,0
modulo05_empleo,T559B$18,str,5,0.0,0.0,0.0,0
modulo05_empleo,T559B$19,str,4,0.0,0.0,0.0,0
modulo05_empleo,T559B$20,str,4,0.0,0.0,0.0,0
modulo05_empleo,T559B$21,str,4,0.0,0.0,0.0,0
modulo05_empleo,T559B$22,str,3,0.0,0.0,0.0,0
modulo05_empleo,T559B$23,str,3,0.0,0.0,0.0,0
modulo05_empleo,T559B$24,str,3,0.0,0.0,0.0,0
modulo05_empleo,T559B$25,str,2,0.0,0.0,0.0,0
modulo05_empleo,T559B$26,str,1,0.0,0.0,0.0,0
modulo05_empleo,T559B$27,str,1,0.0,0.0,0.0,0
modulo05_empleo,T559B$28,str,1,0.0,0.0,0.0,0
modulo05_empleo,T559B$29,str,1,0.0,0.0,0.0,0
modulo05_empleo,T559B$30,str,1,0.0,0.0,0.0,0
modulo05_empleo,T559B$31,str,1,0.0,0.0,0.0,0
modulo05_empleo,T559B$32,str,1,0.0,0.0,0.0,0
modulo05_empleo,T559B$33,str,1,0.0,0.0,0.0,0
modulo05_empleo,T559B$34,str,1,0.0,0.0,0.0,0
modulo05_empleo,T559B$35,str,1,0.0,0.0,0.0,0
modulo05_empleo,T559B$36,str,1,0.0,0.0,0.0,0
modulo05_empleo,T559B$37,str,1,0.0,0.0,0.0,0
modulo05_empleo,T559B$38,str,1,0.0,0.0,0.0,0
modulo05_empleo,T559B$39,str,1,0.0,0.0,0.0,0
modulo05_empleo,T559B$40,str,1,0.0,0.0,0.0,0
modulo05_empleo,T559B$41,str,1,0.0,0.0,0.0,0
modulo05_empleo,T559B$42,str,1,0.0,0.0,0.0,0
modulo05_empleo,T559B$43,str,1,0.0,0.0,0.0,0
modulo05_empleo,T559B$44,str,1,0.0,0.0,0.0,0
modulo05_empleo,T559B$45,str,1,0.0,0.0,0.0,0
modulo05_empleo,T559B$46,str,1,0.0,0.0,0.0,0
modulo05_empleo,T559B$47,str,1,0.0,0.0,0.0,0
modulo05_empleo,T559B$48,str,1,0.0,0.0,0.0,0
modulo05_empleo,T559B$49,str,1,0.0,0.0,0.0,0
modulo05_empleo,T559B$50,str,1,0.0,0.0,0.0,0
modulo05_empleo,Z559B$01,str,8,0.0,0.0,0.0,0
modulo05_empleo,Z559B$02,str,10,0.0,0.0,0.0,0
modulo05_empleo,Z559B$03,str,8,0.0,0.0,0.0,0
modulo05_empleo,Z559B$04,str,9,0.0,0.0,0.0,0
modulo05_empleo,Z559B$05,str,10,0.0,0.0,0.0,0
modulo05_empleo,Z559B$06,str,9,0.0,0.0,0.0,0
modulo05_empleo,Z559B$07,str,9,0.0,0.0,0.0,0
modulo05_empleo,Z559B$08,str,8,0.0,0.0,0.0,0
modulo05_empleo,Z559B$09,str,8,0.0,0.0,0.0,0
modulo05_empleo,Z559B$10,str,8,0.0,0.0,0.0,0
modulo05_empleo,Z559B$11,str,7,0.0,0.0,0.0,0
modulo05_empleo,Z559B$12,str,7,0.0,0.0,0.0,0
modulo05_empleo,Z559B$13,str,7,0.0,0.0,0.0,0
modulo05_empleo,Z559B$14,str,7,0.0,0.0,0.0,0
modulo05_empleo,Z559B$15,str,6,0.0,0.0,0.0,0
modulo05_empleo,Z559B$16,str,5,0.0,0.0,0.0,0
modulo05_empleo,Z559B$17,str,5,0.0,0.0,0.0,0
modulo05_empleo,Z559B$18,str,5,0.0,0.0,0.0,0
modulo05_empleo,Z559B$19,str,4,0.0,0.0,0.0,0
modulo05_empleo,Z559B$20,str,4,0.0,0.0,0.0,0
modulo05_empleo,Z559B$21,str,4,0.0,0.0,0.0,0
modulo05_empleo,Z559B$22,str,3,0.0,0.0,0.0,0
modulo05_empleo,Z559B$23,str,3,0.0,0.0,0.0,0
modulo05_empleo,Z559B$24,str,3,0.0,0.0,0.0,0
modulo05_empleo,Z559B$25,str,2,0.0,0.0,0.0,0
modulo05_empleo,Z559B$26,str,1,0.0,0.0,0.0,0
modulo05_empleo,Z559B$27,str,1,0.0,0.0,0.0,0
modulo05_empleo,Z559B$28,str,1,0.0,0.0,0.0,0
modulo05_empleo,Z559B$29,str,1,0.0,0.0,0.0,0
modulo05_empleo,Z559B$30,str,1,0.0,0.0,0.0,0
modulo05_empleo,Z559B$31,str,1,0.0,0.0,0.0,0
modulo05_empleo,Z559B$32,str,1,0.0,0.0,0.0,0
modulo05_empleo,Z559B$33,str,1,0.0,0.0,0.0,0
modulo05_empleo,Z559B$34,str,1,0.0,0.0,0.0,0
modulo05_empleo,Z559B$35,str,1,0.0,0.0,0.0,0
modulo05_empleo,Z559B$36,str,1,0.0,0.0,0.0,0
modulo05_empleo,Z559B$37,str,1,0.0,0.0,0.0,0
modulo05_empleo,Z559B$38,str,1,0.0,0.0,0.0,0
modulo05_empleo,Z559B$39,str,1,0.0,0.0,0.0,0
modulo05_empleo,Z559B$40,str,1,0.0,0.0,0.0,0
modulo05_empleo,Z559B$41,str,1,0.0,0.0,0.0,0
modulo05_empleo,Z559B$42,str,1,0.0,0.0,0.0,0
modulo05_empleo,Z559B$43,str,1,0.0,0.0,0.0,0
modulo05_empleo,Z559B$44,str,1,0.0,0.0,0.0,0
modulo05_empleo,Z559B$45,str,1,0.0,0.0,0.0,0
modulo05_empleo,Z559B$46,str,1,0.0,0.0,0.0,0
modulo05_empleo,Z559B$47,str,1,0.0,0.0,0.0,0
modulo05_empleo,Z559B$48,str,1,0.0,0.0,0.0,0
modulo05_empleo,Z559B$49,str,1,0.0,0.0,0.0,0
modulo05_empleo,Z559B$50,str,1,0.0,0.0,0.0,0
modulo05_empleo,I559D1,str,394,0.0,0.0,0.0,0
modulo05_empleo,I559D2,str,539,0.0,0.0,0.0,0
modulo05_empleo,I559D3,str,342,0.0,0.0,0.0,0
modulo05_empleo,I559D41,str,689,0.0,0.0,0.0,0
modulo05_empleo,I559D42,str,501,0.0,0.0,0.0,0
modulo05_empleo,I559D43,str,356,0.0,0.0,0.0,0
modulo05_empleo,I559D44,str,257,0.0,0.0,0.0,0
modulo05_empleo,I559D45,str,193,0.0,0.0,0.0,0
modulo05_empleo,I559D46,str,143,0.0,0.0,0.0,0
modulo05_empleo,I559D47,str,113,0.0,0.0,0.0,0
modulo05_empleo,I559D48,str,90,0.0,0.0,0.0,0
modulo05_empleo,I559D49,str,71,0.0,0.0,0.0,0
modulo05_empleo,I559D410,str,51,0.0,0.0,0.0,0
modulo05_empleo,I559D411,str,40,0.0,0.0,0.0,0
modulo05_empleo,I559D412,str,28,0.0,0.0,0.0,0
modulo05_empleo,I559D413,str,22,0.0,0.0,0.0,0
modulo05_empleo,I559D414,str,17,0.0,0.0,0.0,0
modulo05_empleo,I559D415,str,6,0.0,0.0,0.0,0
modulo05_empleo,I559D416,str,6,0.0,0.0,0.0,0
modulo05_empleo,I559D417,str,6,0.0,0.0,0.0,0
modulo05_empleo,I559D418,str,4,0.0,0.0,0.0,0
modulo05_empleo,I559D419,str,3,0.0,0.0,0.0,0
modulo05_empleo,I559D420,str,3,0.0,0.0,0.0,0
modulo05_empleo,I559D421,str,2,0.0,0.0,0.0,0
modulo05_empleo,I559D422,str,2,0.0,0.0,0.0,0
modulo05_empleo,I559D423,str,1,0.0,0.0,0.0,0
modulo05_empleo,I559D424,str,1,0.0,0.0,0.0,0
modulo05_empleo,I559D425,str,1,0.0,0.0,0.0,0
modulo05_empleo,I559D426,str,1,0.0,0.0,0.0,0
modulo05_empleo,I559D427,str,1,0.0,0.0,0.0,0
modulo05_empleo,I559D428,str,1,0.0,0.0,0.0,0
modulo05_empleo,I559D429,str,1,0.0,0.0,0.0,0
modulo05_empleo,I559D430,str,1,0.0,0.0,0.0,0
modulo05_empleo,I559D431,str,1,0.0,0.0,0.0,0
modulo05_empleo,I559D432,str,1,0.0,0.0,0.0,0
modulo05_empleo,I559D433,str,1,0.0,0.0,0.0,0
modulo05_empleo,I559D434,str,1,0.0,0.0,0.0,0
modulo05_empleo,I559D435,str,1,0.0,0.0,0.0,0
modulo05_empleo,I559D436,str,1,0.0,0.0,0.0,0
modulo05_empleo,I559D437,str,1,0.0,0.0,0.0,0
modulo05_empleo,I559D438,str,1,0.0,0.0,0.0,0
modulo05_empleo,I559D439,str,1,0.0,0.0,0.0,0
modulo05_empleo,I559D440,str,1,0.0,0.0,0.0,0
modulo05_empleo,I559D441,str,1,0.0,0.0,0.0,0
modulo05_empleo,I559D442,str,1,0.0,0.0,0.0,0
modulo05_empleo,I559D443,str,1,0.0,0.0,0.0,0
modulo05_empleo,I559D444,str,1,0.0,0.0,0.0,0
modulo05_empleo,I559D445,str,1,0.0,0.0,0.0,0
modulo05_empleo,I559D446,str,1,0.0,0.0,0.0,0
modulo05_empleo,I559D447,str,1,0.0,0.0,0.0,0
modulo05_empleo,I560D1,str,445,0.0,0.0,0.0,0
modulo05_empleo,I560D2,str,268,0.0,0.0,0.0,0
modulo05_empleo,I560D3,str,99,0.0,0.0,0.0,0
modulo05_empleo,I560D4,str,307,0.0,0.0,0.0,0
modulo05_empleo,I560D5,str,233,0.0,0.0,0.0,0
modulo05_empleo,I560D6,str,161,0.0,0.0,0.0,0
modulo05_empleo,I560D7,str,86,0.0,0.0,0.0,0
modulo05_empleo,I560D8,str,1,0.0,0.0,0.0,0
modulo05_empleo,I560D9,str,2,0.0,0.0,0.0,0
modulo05_empleo,I560D10,str,8,0.0,0.0,0.0,0
modulo05_empleo,I560D11,str,21,0.0,0.0,0.0,0
modulo05_empleo,R559_01,str,1,0.0,0.0,0.0,0
modulo05_empleo,R559_02,str,1,0.0,0.0,0.0,0
modulo05_empleo,R559_03,str,1,0.0,0.0,0.0,0
modulo05_empleo,R559_04,str,5,0.0,0.0,0.0,0
modulo05_empleo,R559_05,str,5,0.0,0.0,0.0,0
modulo05_empleo,R559_06,str,5,0.0,0.0,0.0,0
modulo05_empleo,R559_07,str,5,0.0,0.0,0.0,0
modulo05_empleo,R559_08,str,5,0.0,0.0,0.0,0
modulo05_empleo,R559_09,str,5,0.0,0.0,0.0,0
modulo05_empleo,R559_10,str,5,0.0,0.0,0.0,0
modulo05_empleo,R559_11,str,5,0.0,0.0,0.0,0
modulo05_empleo,R559_12,str,5,0.0,0.0,0.0,0
modulo05_empleo,R559_13,str,5,0.0,0.0,0.0,0
modulo05_empleo,R559_14,str,5,0.0,0.0,0.0,0
modulo05_empleo,R559_15,str,5,0.0,0.0,0.0,0
modulo05_empleo,R559_16,str,4,0.0,0.0,0.0,0
modulo05_empleo,R559_17,str,4,0.0,0.0,0.0,0
modulo05_empleo,R559_18,str,4,0.0,0.0,0.0,0
modulo05_empleo,R559_19,str,3,0.0,0.0,0.0,0
modulo05_empleo,R559_20,str,3,0.0,0.0,0.0,0
modulo05_empleo,R559_21,str,3,0.0,0.0,0.0,0
modulo05_empleo,R559_22,str,3,0.0,0.0,0.0,0
modulo05_empleo,R559_23,str,3,0.0,0.0,0.0,0
modulo05_empleo,R559_24,str,2,0.0,0.0,0.0,0
modulo05_empleo,R559_25,str,2,0.0,0.0,0.0,0
modulo05_empleo,R559_26,str,1,0.0,0.0,0.0,0
modulo05_empleo,R559_27,str,1,0.0,0.0,0.0,0
modulo05_empleo,R559_28,str,1,0.0,0.0,0.0,0
modulo05_empleo,R559_29,str,1,0.0,0.0,0.0,0
modulo05_empleo,R559_30,str,1,0.0,0.0,0.0,0
modulo05_empleo,R559_31,str,1,0.0,0.0,0.0,0
modulo05_empleo,R559_32,str,1,0.0,0.0,0.0,0
modulo05_empleo,R559_33,str,1,0.0,0.0,0.0,0
modulo05_empleo,R559_34,str,1,0.0,0.0,0.0,0
modulo05_empleo,R559_35,str,1,0.0,0.0,0.0,0
modulo05_empleo,R559_36,str,1,0.0,0.0,0.0,0
modulo05_empleo,R559_37,str,1,0.0,0.0,0.0,0
modulo05_empleo,R559_38,str,1,0.0,0.0,0.0,0
modulo05_empleo,R559_39,str,1,0.0,0.0,0.0,0
modulo05_empleo,R559_40,str,1,0.0,0.0,0.0,0
modulo05_empleo,R559_41,str,1,0.0,0.0,0.0,0
modulo05_empleo,R559_42,str,1,0.0,0.0,0.0,0
modulo05_empleo,R559_43,str,1,0.0,0.0,0.0,0
modulo05_empleo,R559_44,str,1,0.0,0.0,0.0,0
modulo05_empleo,R559_45,str,1,0.0,0.0,0.0,0
modulo05_empleo,R559_46,str,1,0.0,0.0,0.0,0
modulo05_empleo,R559_47,str,1,0.0,0.0,0.0,0
modulo05_empleo,R559_48,str,1,0.0,0.0,0.0,0
modulo05_empleo,R559_49,str,1,0.0,0.0,0.0,0
modulo05_empleo,R559_50,str,1,0.0,0.0,0.0,0
modulo05_empleo,I518,str,51,0.0,0.0,0.0,0
modulo05_empleo,I513T,str,97,0.0,0.0,0.0,0
modulo05_empleo,I520,str,59,0.0,0.0,0.0,0
modulo05_empleo,I530A,str,1356,0.0,0.0,0.0,0
modulo05_empleo,I524A1,str,884,0.0,0.0,0.0,0
modulo05_empleo,I524B1,str,422,0.0,0.0,0.0,0
modulo05_empleo,I524C1,str,79,0.0,0.0,0.0,0
modulo05_empleo,I524D1,str,74,0.0,0.0,0.0,0
modulo05_empleo,I524E1,str,1027,0.0,0.0,0.0,0
modulo05_empleo,I538A1,str,126,0.0,0.0,0.0,0
modulo05_empleo,I538B1,str,7,0.0,0.0,0.0,0
modulo05_empleo,I538C1,str,2,0.0,0.0,0.0,0
modulo05_empleo,I538D1,str,2,0.0,0.0,0.0,0
modulo05_empleo,I538E1,str,125,0.0,0.0,0.0,0
modulo05_empleo,I5294B,str,39,0.0,0.0,0.0,0
modulo05_empleo,I5404B,str,4,0.0,0.0,0.0,0
modulo05_empleo,I541A,str,301,0.0,0.0,0.0,0
modulo05_empleo,OCU500,int64,5,0.0,0.0,0.0,0
modulo05_empleo,FAC500A,str,2201,0.0,0.0,0.0,0
modulo05_empleo,NCONGLOME,int64,321,0.0,0.0,0.0,0
modulo05_empleo,SUB_CONGLOME,int64,4,0.0,0.0,0.0,0
modulo34_sumaria,AÑO,int64,1,0.0,0.0,0.0,0
modulo34_sumaria,MES,int64,2,0.0,0.0,0.0,0
modulo34_sumaria,CONGLOME,int64,795,0.0,0.0,0.0,0
modulo34_sumaria,VIVIENDA,int64,351,0.0,0.0,0.0,0
modulo34_sumaria,HOGAR,int64,6,0.0,0.0,0.0,0
modulo34_sumaria,UBIGEO,int64,456,0.0,0.0,0.0,0
modulo34_sumaria,DOMINIO,int64,8,0.0,0.0,0.0,0
modulo34_sumaria,ESTRATO,int64,8,0.0,0.0,0.0,0
modulo34_sumaria,MIEPERHO,int64,13,0.0,0.0,0.0,0
modulo34_sumaria,TOTMIEHO,int64,13,0.0,0.0,0.0,0
modulo34_sumaria,PERCEPHO,int64,9,0.0,0.0,0.0,0
modulo34_sumaria,IA01HD,str,1983,0.0,0.0,0.0,0
modulo34_sumaria,IA02HD,int64,8,0.0,0.0,0.0,0
modulo34_sumaria,IG03HD1,int64,12,0.0,0.0,0.0,0
modulo34_sumaria,IG03HD2,int64,12,0.0,0.0,0.0,0
modulo34_sumaria,IG03HD3,int64,95,0.0,0.0,0.0,0
modulo34_sumaria,IG03HD4,int64,14,0.0,0.0,0.0,0
modulo34_sumaria,GA03HD,int64,376,0.0,0.0,0.0,0
modulo34_sumaria,GA04HD,str,1985,0.0,0.0,0.0,0
modulo34_sumaria,SG23,str,97,0.0,0.0,0.0,0
modulo34_sumaria,SIG24,str,39,0.0,0.0,0.0,0
modulo34_sumaria,SG25,str,14,0.0,0.0,0.0,0
modulo34_sumaria,SIG26,str,18,0.0,0.0,0.0,0
modulo34_sumaria,SG27,str,8,0.0,0.0,0.0,0
modulo34_sumaria,SIG28,int64,1,0.0,0.0,0.0,0
modulo34_sumaria,SG42,str,2821,0.0,0.0,0.0,0
modulo34_sumaria,SG421,str,3768,0.0,0.0,0.0,0
modulo34_sumaria,SG422,str,911,0.0,0.0,0.0,0
modulo34_sumaria,SG423,int64,1,0.0,0.0,0.0,0
modulo34_sumaria,SG42D,str,535,0.0,0.0,0.0,0
modulo34_sumaria,SG42D1,str,774,0.0,0.0,0.0,0
modulo34_sumaria,SG42D2,str,128,0.0,0.0,0.0,0
modulo34_sumaria,SG42D3,int64,1,0.0,0.0,0.0,0
modulo34_sumaria,INGBRUHD,str,1997,0.0,0.0,0.0,0
modulo34_sumaria,INGNETHD,str,2107,0.0,0.0,0.0,0
modulo34_sumaria,PAGESPHD,int64,777,0.0,0.0,0.0,0
modulo34_sumaria,INGINDHD,str,2833,0.0,0.0,0.0,0
modulo34_sumaria,INGAUTHD,int64,1452,0.0,0.0,0.0,0
modulo34_sumaria,INSEDTHD,int64,321,0.0,0.0,0.0,0
modulo34_sumaria,INSEDLHD,int64,321,0.0,0.0,0.0,0
modulo34_sumaria,PAESECHD,int64,151,0.0,0.0,0.0,0
modulo34_sumaria,INGSEIHD,str,710,0.0,0.0,0.0,0
modulo34_sumaria,ISECAUHD,int64,310,0.0,0.0,0.0,0
modulo34_sumaria,INGEXTHD,int64,678,0.0,0.0,0.0,0
modulo34_sumaria,INGTRAHD,int64,1386,0.0,0.0,0.0,0
modulo34_sumaria,INGTEXHD,int64,53,0.0,0.0,0.0,0
modulo34_sumaria,INGRENHD,int64,301,0.0,0.0,0.0,0
modulo34_sumaria,INGOEXHD,int64,721,0.0,0.0,0.0,0
modulo34_sumaria,G05HD,str,2844,0.0,0.0,0.0,0
modulo34_sumaria,IG06HD,str,370,0.0,0.0,0.0,0
modulo34_sumaria,G05HD1,str,100,0.0,0.0,0.0,0
modulo34_sumaria,IG06HD1,str,1058,0.0,0.0,0.0,0
modulo34_sumaria,G05HD2,str,181,0.0,0.0,0.0,0
modulo34_sumaria,IG06HD2,str,140,0.0,0.0,0.0,0
modulo34_sumaria,G05HD3,int64,1,0.0,0.0,0.0,0
modulo34_sumaria,IG06HD3,int64,1,0.0,0.0,0.0,0
modulo34_sumaria,G05HD4,int64,1,0.0,0.0,0.0,0
modulo34_sumaria,IG06HD4,int64,1,0.0,0.0,0.0,0
modulo34_sumaria,G05HD5,int64,1,0.0,0.0,0.0,0
modulo34_sumaria,IG06HD5,int64,1,0.0,0.0,0.0,0
modulo34_sumaria,G05HD6,int64,1,0.0,0.0,0.0,0
modulo34_sumaria,IG06HD6,int64,1,0.0,0.0,0.0,0
modulo34_sumaria,G07HD,str,2373,0.0,0.0,0.0,0
modulo34_sumaria,IG08HD,str,171,0.0,0.0,0.0,0
modulo34_sumaria,INGTPRHD,int64,655,0.0,0.0,0.0,0
modulo34_sumaria,INGTPUHD,int64,836,0.0,0.0,0.0,0
modulo34_sumaria,INGTPU01,int64,29,0.0,0.0,0.0,0
modulo34_sumaria,INGTPU02,int64,530,0.0,0.0,0.0,0
modulo34_sumaria,INGTPU03,int64,79,0.0,0.0,0.0,0
modulo34_sumaria,INGTPU04,int64,25,0.0,0.0,0.0,0
modulo34_sumaria,INGTPU05,int64,24,0.0,0.0,0.0,0
modulo34_sumaria,INGTPU10,int64,1,0.0,0.0,0.0,0
modulo34_sumaria,INGTPU11,int64,1,0.0,0.0,0.0,0
modulo34_sumaria,INGTPU12,int64,1,0.0,0.0,0.0,0
modulo34_sumaria,INGTPU13,int64,32,0.0,0.0,0.0,0
modulo34_sumaria,GRU11HD,str,4932,0.0,0.0,0.0,0
modulo34_sumaria,GRU12HD1,str,2207,0.0,0.0,0.0,0
modulo34_sumaria,GRU12HD2,str,104,0.0,0.0,0.0,0
modulo34_sumaria,GRU13HD1,str,132,0.0,0.0,0.0,0
modulo34_sumaria,GRU13HD2,str,2888,0.0,0.0,0.0,0
modulo34_sumaria,GRU13HD3,str,1712,0.0,0.0,0.0,0
modulo34_sumaria,GRU13HD4,str,784,0.0,0.0,0.0,0
modulo34_sumaria,GRU14HD,str,1561,0.0,0.0,0.0,0
modulo34_sumaria,GRU14HD1,str,174,0.0,0.0,0.0,0
modulo34_sumaria,GRU14HD2,str,8,0.0,0.0,0.0,0
modulo34_sumaria,GRU14HD3,int64,1,0.0,0.0,0.0,0
modulo34_sumaria,GRU14HD4,str,499,0.0,0.0,0.0,0
modulo34_sumaria,GRU14HD5,str,2,0.0,0.0,0.0,0
modulo34_sumaria,GRU14HD6,int64,1,0.0,0.0,0.0,0
modulo34_sumaria,GRU21HD,str,3725,0.0,0.0,0.0,0
modulo34_sumaria,GRU22HD1,str,57,0.0,0.0,0.0,0
modulo34_sumaria,GRU22HD2,str,13,0.0,0.0,0.0,0
modulo34_sumaria,GRU23HD1,str,11,0.0,0.0,0.0,0
modulo34_sumaria,GRU23HD2,str,1262,0.0,0.0,0.0,0
modulo34_sumaria,GRU23HD3,str,6,0.0,0.0,0.0,0
modulo34_sumaria,GRU24HD,int64,1,0.0,0.0,0.0,0
modulo34_sumaria,GRU31HD,str,2717,0.0,0.0,0.0,0
modulo34_sumaria,GRU32HD1,str,204,0.0,0.0,0.0,0
modulo34_sumaria,GRU32HD2,int64,1,0.0,0.0,0.0,0
modulo34_sumaria,GRU33HD1,int64,1,0.0,0.0,0.0,0
modulo34_sumaria,GRU33HD2,str,328,0.0,0.0,0.0,0
modulo34_sumaria,GRU33HD3,str,26,0.0,0.0,0.0,0
modulo34_sumaria,GRU34HD,str,2142,0.0,0.0,0.0,0
modulo34_sumaria,GRU41HD,str,4812,0.0,0.0,0.0,0
modulo34_sumaria,GRU42HD1,str,289,0.0,0.0,0.0,0
modulo34_sumaria,GRU42HD2,str,7,0.0,0.0,0.0,0
modulo34_sumaria,GRU43HD1,str,45,0.0,0.0,0.0,0
modulo34_sumaria,GRU43HD2,str,2145,0.0,0.0,0.0,0
modulo34_sumaria,GRU43HD3,str,23,0.0,0.0,0.0,0
modulo34_sumaria,GRU44HD,str,4,0.0,0.0,0.0,0
modulo34_sumaria,GRU51HD,str,2026,0.0,0.0,0.0,0
modulo34_sumaria,GRU52HD1,int64,28,0.0,0.0,0.0,0
modulo34_sumaria,GRU53HD1,str,1574,0.0,0.0,0.0,0
modulo34_sumaria,GRU53HD2,str,779,0.0,0.0,0.0,0
modulo34_sumaria,GRU53HD3,int64,24,0.0,0.0,0.0,0
modulo34_sumaria,GRU53HD4,int64,3,0.0,0.0,0.0,0
modulo34_sumaria,GRU54HD,int64,15,0.0,0.0,0.0,0
modulo34_sumaria,GRU61HD,str,3666,0.0,0.0,0.0,0
modulo34_sumaria,GRU62HD1,str,6,0.0,0.0,0.0,0
modulo34_sumaria,GRU62HD2,str,16,0.0,0.0,0.0,0
modulo34_sumaria,GRU63HD1,str,5,0.0,0.0,0.0,0
modulo34_sumaria,GRU63HD2,str,330,0.0,0.0,0.0,0
modulo34_sumaria,GRU63HD3,int64,1,0.0,0.0,0.0,0
modulo34_sumaria,GRU64HD,str,113,0.0,0.0,0.0,0
modulo34_sumaria,GRU71HD,str,3101,0.0,0.0,0.0,0
modulo34_sumaria,GRU72HD1,str,17,0.0,0.0,0.0,0
modulo34_sumaria,GRU72HD2,str,42,0.0,0.0,0.0,0
modulo34_sumaria,GRU73HD1,str,439,0.0,0.0,0.0,0
modulo34_sumaria,GRU73HD2,str,855,0.0,0.0,0.0,0
modulo34_sumaria,GRU73HD3,str,268,0.0,0.0,0.0,0
modulo34_sumaria,GRU74HD,str,5,0.0,0.0,0.0,0
modulo34_sumaria,GRU81HD,str,4814,0.0,0.0,0.0,0
modulo34_sumaria,GRU82HD1,str,310,0.0,0.0,0.0,0
modulo34_sumaria,GRU82HD2,str,8,0.0,0.0,0.0,0
modulo34_sumaria,GRU83HD1,str,9,0.0,0.0,0.0,0
modulo34_sumaria,GRU83HD2,str,1274,0.0,0.0,0.0,0
modulo34_sumaria,GRU83HD3,str,117,0.0,0.0,0.0,0
modulo34_sumaria,GRU83HD4,int64,1,0.0,0.0,0.0,0
modulo34_sumaria,GRU84HD,str,8,0.0,0.0,0.0,0
modulo34_sumaria,GRU84HD1,str,375,0.0,0.0,0.0,0
modulo34_sumaria,GRU85HD1,str,19,0.0,0.0,0.0,0
modulo34_sumaria,GRU86HD1,str,95,0.0,0.0,0.0,0
modulo34_sumaria,GRU86HD2,int64,1,0.0,0.0,0.0,0
modulo34_sumaria,GRU87HD,int64,1,0.0,0.0,0.0,0
modulo34_sumaria,INGOTRHD,int64,1,0.0,0.0,0.0,0
modulo34_sumaria,INGMO1HD,str,4773,0.0,0.0,0.0,0
modulo34_sumaria,INGMO2HD,str,4779,0.0,0.0,0.0,0
modulo34_sumaria,INGHOG1D,str,5000,0.0,0.0,0.0,0
modulo34_sumaria,INGHOG2D,str,4997,0.0,0.0,0.0,0
modulo34_sumaria,GASHOG1D,str,4999,0.0,0.0,0.0,0
modulo34_sumaria,GASHOG2D,str,4999,0.0,0.0,0.0,0
modulo34_sumaria,LD,str,17,0.0,0.0,0.0,0
modulo34_sumaria,ESTRSOCIAL,int64,6,0.0,0.0,0.0,0
modulo34_sumaria,LINPE,str,7,0.0,0.0,0.0,0
modulo34_sumaria,LINEA,str,77,0.0,0.0,0.0,0
modulo34_sumaria,POBREZA,int64,3,0.0,0.0,0.0,0
modulo34_sumaria,LINEAV,str,4996,0.0,0.0,0.0,0
modulo34_sumaria,POBREZAV,int64,4,0.0,0.0,0.0,0
modulo34_sumaria,FACTOR07,str,213,0.0,0.0,0.0,0
modulo34_sumaria,NCONGLOME,int64,795,0.0,0.0,0.0,0
modulo34_sumaria,SUB_CONGLOME,int64,5,0.0,0.0,0.0,0
modulo09_gasto_mant,AÑO,int64,1,0.0,0.0,0.0,0
modulo09_gasto_mant,MES,int64,1,0.0,0.0,0.0,0
modulo09_gasto_mant,CONGLOME,int64,50,0.0,0.0,0.0,0
modulo09_gasto_mant,VIVIENDA,int64,153,0.0,0.0,0.0,0
modulo09_gasto_mant,HOGAR,int64,3,0.0,0.0,0.0,0
modulo09_gasto_mant,UBIGEO,int64,38,0.0,0.0,0.0,0
modulo09_gasto_mant,DOMINIO,int64,5,0.0,0.0,0.0,0
modulo09_gasto_mant,ESTRATO,int64,8,0.0,0.0,0.0,0
modulo09_gasto_mant,P603N,int64,15,0.0,0.0,0.0,0
modulo09_gasto_mant,P603,int64,3,0.0,0.0,0.0,0
modulo09_gasto_mant,P603A1,str,3,0.0,0.0,0.0,0
modulo09_gasto_mant,P603A2,str,2,0.0,0.0,0.0,0
modulo09_gasto_mant,P603A3,str,3,0.0,0.0,0.0,0
modulo09_gasto_mant,P603A4,str,2,0.0,0.0,0.0,0
modulo09_gasto_mant,P603A5,str,3,0.0,0.0,0.0,0
modulo09_gasto_mant,P603A6,str,3,0.0,0.0,0.0,0
modulo09_gasto_mant,P603A7,str,3,0.0,0.0,0.0,0
modulo09_gasto_mant,P603A8,str,2,0.0,0.0,0.0,0
modulo09_gasto_mant,P603AA,str,12,0.0,0.0,0.0,0
modulo09_gasto_mant,P603B,str,268,0.0,0.0,0.0,0
modulo09_gasto_mant,P603C2,str,1,0.0,0.0,0.0,0
modulo09_gasto_mant,P603C3,str,33,0.0,0.0,0.0,0
modulo09_gasto_mant,P603C4,str,1,0.0,0.0,0.0,0
modulo09_gasto_mant,P603C5,str,32,0.0,0.0,0.0,0
modulo09_gasto_mant,P603C6,str,2,0.0,0.0,0.0,0
modulo09_gasto_mant,P603C7,str,3,0.0,0.0,0.0,0
modulo09_gasto_mant,P603C,str,49,0.0,0.0,0.0,0
modulo09_gasto_mant,TICUEST01,int64,1,0.0,0.0,0.0,0
modulo09_gasto_mant,D603B,str,680,0.0,0.0,0.0,0
modulo09_gasto_mant,D603C2,str,1,0.0,0.0,0.0,0
modulo09_gasto_mant,D603C3,str,44,0.0,0.0,0.0,0
modulo09_gasto_mant,D603C4,str,1,0.0,0.0,0.0,0
modulo09_gasto_mant,D603C5,str,56,0.0,0.0,0.0,0
modulo09_gasto_mant,D603C6,str,2,0.0,0.0,0.0,0
modulo09_gasto_mant,D603C7,str,3,0.0,0.0,0.0,0
modulo09_gasto_mant,D603C,str,89,0.0,0.0,0.0,0
modulo09_gasto_mant,I603B,str,680,0.0,0.0,0.0,0
modulo09_gasto_mant,I603C2,str,1,0.0,0.0,0.0,0
modulo09_gasto_mant,I603C3,str,44,0.0,0.0,0.0,0
modulo09_gasto_mant,I603C4,str,1,0.0,0.0,0.0,0
modulo09_gasto_mant,I603C5,str,56,0.0,0.0,0.0,0
modulo09_gasto_mant,I603C6,str,2,0.0,0.0,0.0,0
modulo09_gasto_mant,I603C7,str,3,0.0,0.0,0.0,0
modulo09_gasto_mant,I603C,str,89,0.0,0.0,0.0,0
modulo09_gasto_mant,FACTOR07,str,24,0.0,0.0,0.0,0
modulo09_gasto_mant,NCONGLOME,int64,50,0.0,0.0,0.0,0
modulo09_gasto_mant,SUB_CONGLOME,int64,3,0.0,0.0,0.0,0
modulo10_gasto_transp,AÑO,int64,1,0.0,0.0,0.0,0
modulo10_gasto_transp,MES,int64,1,0.0,0.0,0.0,0
modulo10_gasto_transp,CONGLOME,int64,64,0.0,0.0,0.0,0
modulo10_gasto_transp,VIVIENDA,int64,169,0.0,0.0,0.0,0
modulo10_gasto_transp,HOGAR,int64,3,0.0,0.0,0.0,0
modulo10_gasto_transp,UBIGEO,int64,52,0.0,0.0,0.0,0
modulo10_gasto_transp,DOMINIO,int64,6,0.0,0.0,0.0,0
modulo10_gasto_transp,ESTRATO,int64,8,0.0,0.0,0.0,0
modulo10_gasto_transp,P604N,int64,12,0.0,0.0,0.0,0
modulo10_gasto_transp,P604,int64,3,0.0,0.0,0.0,0
modulo10_gasto_transp,P604A1,str,3,0.0,0.0,0.0,0
modulo10_gasto_transp,P604A2,str,2,0.0,0.0,0.0,0
modulo10_gasto_transp,P604A3,str,2,0.0,0.0,0.0,0
modulo10_gasto_transp,P604A4,str,3,0.0,0.0,0.0,0
modulo10_gasto_transp,P604A5,str,3,0.0,0.0,0.0,0
modulo10_gasto_transp,P604A6,str,3,0.0,0.0,0.0,0
modulo10_gasto_transp,P604A7,str,2,0.0,0.0,0.0,0
modulo10_gasto_transp,P604A8,str,3,0.0,0.0,0.0,0
modulo10_gasto_transp,P604AA,str,8,0.0,0.0,0.0,0
modulo10_gasto_transp,P604B,str,312,0.0,0.0,0.0,0
modulo10_gasto_transp,P604C2,str,1,0.0,0.0,0.0,0
modulo10_gasto_transp,P604C3,str,1,0.0,0.0,0.0,0
modulo10_gasto_transp,P604C4,str,2,0.0,0.0,0.0,0
modulo10_gasto_transp,P604C5,str,10,0.0,0.0,0.0,0
modulo10_gasto_transp,P604C6,str,2,0.0,0.0,0.0,0
modulo10_gasto_transp,P604C7,str,1,0.0,0.0,0.0,0
modulo10_gasto_transp,P604C,str,12,0.0,0.0,0.0,0
modulo10_gasto_transp,VISITA_CAMPO,str,21,0.0,0.0,0.0,0
modulo10_gasto_transp,TICUEST01,int64,1,0.0,0.0,0.0,0
modulo10_gasto_transp,D604B,str,357,0.0,0.0,0.0,0
modulo10_gasto_transp,D604C2,str,1,0.0,0.0,0.0,0
modulo10_gasto_transp,D604C3,str,1,0.0,0.0,0.0,0
modulo10_gasto_transp,D604C4,str,2,0.0,0.0,0.0,0
modulo10_gasto_transp,D604C5,str,12,0.0,0.0,0.0,0
modulo10_gasto_transp,D604C6,str,2,0.0,0.0,0.0,0
modulo10_gasto_transp,D604C7,str,1,0.0,0.0,0.0,0
modulo10_gasto_transp,D604C,str,14,0.0,0.0,0.0,0
modulo10_gasto_transp,I604B,str,358,0.0,0.0,0.0,0
modulo10_gasto_transp,I604C2,str,1,0.0,0.0,0.0,0
modulo10_gasto_transp,I604C3,str,1,0.0,0.0,0.0,0
modulo10_gasto_transp,I604C4,str,2,0.0,0.0,0.0,0
modulo10_gasto_transp,I604C5,str,12,0.0,0.0,0.0,0
modulo10_gasto_transp,I604C6,str,2,0.0,0.0,0.0,0
modulo10_gasto_transp,I604C7,str,1,0.0,0.0,0.0,0
modulo10_gasto_transp,I604C,str,14,0.0,0.0,0.0,0
modulo10_gasto_transp,FACTOR07,str,31,0.0,0.0,0.0,0
modulo10_gasto_transp,NCONGLOME,int64,64,0.0,0.0,0.0,0
modulo10_gasto_transp,SUB_CONGLOME,int64,3,0.0,0.0,0.0,0
