{"type":"FeatureCollection","fuente":{"nombre":"geoBoundaries gbOpen PER ADM1 (simplificado)","url":"https://github.com/wmgeolab/geoBoundaries/raw/90a1d52/releaseData/gbOpen/PER/ADM1/geoBoundaries-PER-ADM1_simplified.geojson","licencia":"Public Domain","origen":"Wikimedia Commons","build":"2024-02-21"},"features":[{"type":"Feature","properties":{"depto":"21","nombre_fuente":"Puno"},"geometry":{"type":"Polygon","coordinates":[[[-69.58,-17.303],[-69.606,-17.288],[-69.598,-17.26],[-69.585,-17.239],[-69.55,-17.199],[-69.529,-17.182],[-69.5,-17.161],[-69.468,-17.151],[-69.386,-17.103],[-69.374,-17.084],[-69.359,-17.031],[-69.326,-16.991],[-69.299,-16.966],[-69.257,-16.91],[-69.193,-16.833],[-69.158,-16.781],[-69.143,-16.749],[-69.111,-16.734],[-69.062,-16.717],[-69.029,-16.699],[-69.016,-16.678],[-69.016,-16.647],[-69.028,-16.588],[-69.032,-16.545],[-69.083,-16.501],[-69.071,-16.477],[-69.021,-16.423],[-69.023,-16.384],[-69.054,-16.356],[-69.06,-16.325],[-69.085,-16.302],[-69.124,-16.296],[-69.096,-16.272],[-69.027,-16.28],[-68.998,-16.285],[-68.952,-16.288],[-68.936,-16.262],[-68.934,-16.229],[-68.946,-16.216],[-68.968,-16.199],[-69.046,-16.211],[-69.068,-16.23],[-69.105,-16.242],[-69.133,-16.24],[-69.151,-16.258],[-69.168,-16.272],[-69.189,-16.281],[-69.219,-16.284],[-69.238,-16.282],[-69.317,-16.279],[-69.347,-16.263],[-69.362,-16.235],[-69.4,-16.217],[-69.45,-16.214],[-69.488,-16.206],[-69.485,-16.181],[-69.469,-16.156],[-69.448,-16.134],[-69.413,-16.104],[-69.422,-16.057],[-69.442,-16.028],[-69.469,-16.003],[-69.519,-15.982],[-69.564,-15.974],[-69.604,-15.972],[-69.647,-15.94],[-69.663,-15.906],[-69.699,-15.9],[-69.733,-15.888],[-69.743,-15.864],[-69.755,-15.828],[-69.766,-15.808],[-69.787,-15.787],[-69.801,-15.784],[-69.827,-15.792],[-69.846,-15.809],[-69.854,-15.83],[-69.857,-15.858],[-69.87,-15.872],[-69.907,-15.871],[-69.942,-15.859],[-69.966,-15.833],[-69.98,-15.804],[-69.99,-15.751],[-69.968,-15.742],[-69.952,-15.712],[-69.92,-15.703],[-69.901,-15.683],[-69.92,-15.613],[-69.902,-15.603],[-69.886,-15.623],[-69.864,-15.636],[-69.847,-15.653],[-69.811,-15.704],[-69.777,-15.725],[-69.751,-15.72],[-69.751,-15.704],[-69.761,-15.684],[-69.797,-15.627],[-69.813,-15.609],[-69.816,-15.582],[-69.846,-15.54],[-69.855,-15.525],[-69.874,-15.506],[-69.914,-15.472],[-69.925,-15.46],[-69.927,-15.448],[-69.914,-15.415],[-69.898,-15.402],[-69.88,-15.391],[-69.861,-15.377],[-69.854,-15.331],[-69.814,-15.32],[-69.764,-15.327],[-69.743,-15.307],[-69.732,-15.291],[-69.712,-15.272],[-69.688,-15.262],[-69.652,-15.274],[-69.631,-15.297],[-69.603,-15.356],[-69.595,-15.367],[-69.579,-15.369],[-69.548,-15.381],[-69.48,-15.444],[-69.441,-15.475],[-69.406,-15.495],[-69.381,-15.506],[-69.341,-15.531],[-69.308,-15.535],[-69.289,-15.513],[-69.295,-15.493],[-69.285,-15.473],[-69.266,-15.459],[-69.245,-15.457],[-69.226,-15.479],[-69.218,-15.486],[-69.217,-15.466],[-69.219,-15.445],[-69.227,-15.419],[-69.222,-15.377],[-69.211,-15.358],[-69.191,-15.337],[-69.184,-15.315],[-69.175,-15.303],[-69.161,-15.292],[-69.142,-15.28],[-69.123,-15.275],[-69.114,-15.268],[-69.116,-15.251],[-69.119,-15.239],[-69.126,-15.223],[-69.132,-15.218],[-69.15,-15.207],[-69.163,-15.19],[-69.186,-15.165],[-69.202,-15.143],[-69.226,-15.129],[-69.247,-15.12],[-69.261,-15.11],[-69.274,-15.094],[-69.299,-15.051],[-69.304,-15.031],[-69.316,-15.011],[-69.333,-14.991],[-69.343,-14.975],[-69.346,-14.96],[-69.34,-14.949],[-69.332,-14.925],[-69.334,-14.88],[-69.338,-14.863],[-69.334,-14.835],[-69.326,-14.812],[-69.314,-14.796],[-69.25,-14.765],[-69.238,-14.754],[-69.227,-14.718],[-69.236,-14.7],[-69.245,-14.686],[-69.226,-14.646],[-69.221,-14.629],[-69.205,-14.609],[-69.177,-14.591],[-69.142,-14.579],[-69.125,-14.558],[-69.122,-14.54],[-69.1,-14.518],[-69.082,-14.487],[-69.024,-14.435],[-69.006,-14.41],[-68.977,-14.381],[-68.979,-14.358],[-68.987,-14.336],[-68.975,-14.278],[-68.969,-14.261],[-68.95,-14.241],[-68.926,-14.229],[-68.876,-14.217],[-68.846,-14.215],[-68.824,-14.2],[-68.826,-14.177],[-68.846,-14.129],[-68.867,-14.098],[-68.872,-14.08],[-68.886,-14.048],[-68.911,-14.03],[-68.938,-14.003],[-68.957,-13.964],[-68.975,-13.933],[-68.96,-13.905],[-68.947,-13.895],[-68.941,-13.865],[-68.916,-13.83],[-68.919,-13.812],[-68.937,-13.796],[-68.963,-13.783],[-68.988,-13.759],[-69.008,-13.737],[-69.022,-13.726],[-69.039,-13.7],[-69.046,-13.673],[-69.022,-13.649],[-68.995,-13.639],[-68.955,-13.61],[-68.927,-13.57],[-68.909,-13.546],[-68.906,-13.522],[-68.888,-13.482],[-68.879,-13.453],[-68.875,-13.376],[-68.857,-13.343],[-68.847,-13.336],[-68.839,-13.322],[-68.839,-13.3],[-68.832,-13.246],[-68.831,-13.219],[-68.844,-13.166],[-68.861,-13.145],[-68.861,-13.123],[-68.846,-13.105],[-68.842,-13.069],[-68.844,-13.026],[-68.847,-13.006],[-69.607,-13.373],[-70.291,-13.146],[-70.339,-13.137],[-70.378,-13.145],[-70.392,-13.162],[-70.394,-13.162],[-70.378,-13.191],[-70.38,-13.236],[-70.396,-13.266],[-70.356,-13.286],[-70.352,-13.31],[-70.365,-13.325],[-70.399,-13.37],[-70.421,-13.386],[-70.437,-13.411],[-70.449,-13.437],[-70.457,-13.472],[-70.481,-13.503],[-70.528,-13.574],[-70.55,-13.591],[-70.572,-13.612],[-70.605,-13.633],[-70.657,-13.663],[-70.68,-13.679],[-70.7,-13.702],[-70.718,-13.736],[-70.717,-13.76],[-70.706,-13.775],[-70.697,-13.793],[-70.69,-13.818],[-70.701,-13.843],[-70.725,-13.832],[-70.819,-13.814],[-70.831,-13.809],[-70.844,-13.826],[-70.845,-13.849],[-70.811,-13.908],[-70.806,-13.926],[-70.81,-13.954],[-70.825,-13.984],[-70.835,-14.012],[-70.833,-14.05],[-70.817,-14.067],[-70.794,-14.082],[-70.786,-14.094],[-70.783,-14.109],[-70.787,-14.119],[-70.805,-14.145],[-70.824,-14.161],[-70.837,-14.174],[-70.855,-14.186],[-70.867,-14.208],[-70.874,-14.233],[-70.869,-14.277],[-70.876,-14.3],[-70.902,-14.331],[-70.924,-14.363],[-70.951,-14.389],[-70.966,-14.408],[-70.955,-14.463],[-70.969,-14.487],[-70.971,-14.517],[-70.967,-14.555],[-70.969,-14.584],[-70.992,-14.595],[-71.07,-14.651],[-71.088,-14.676],[-71.094,-14.695],[-71.079,-14.708],[-71.067,-14.732],[-71.047,-14.75],[-71.001,-14.758],[-70.968,-14.771],[-70.956,-14.794],[-70.964,-14.817],[-70.974,-14.832],[-70.979,-14.96],[-70.987,-14.987],[-70.991,-15.002],[-70.969,-15.051],[-70.968,-15.134],[-70.951,-15.217],[-70.963,-15.241],[-70.964,-15.283],[-70.951,-15.314],[-70.953,-15.329],[-70.979,-15.352],[-71.003,-15.394],[-71.018,-15.431],[-71.028,-15.444],[-70.996,-15.461],[-70.987,-15.476],[-70.991,-15.496],[-71.009,-15.539],[-71.001,-15.566],[-70.985,-15.595],[-70.928,-15.637],[-70.913,-15.661],[-70.902,-15.705],[-70.893,-15.725],[-70.895,-15.752],[-70.909,-15.779],[-70.919,-15.791],[-70.922,-15.799],[-70.917,-15.813],[-70.906,-15.834],[-70.894,-15.846],[-70.888,-15.871],[-70.861,-15.907],[-70.84,-15.928],[-70.817,-15.96],[-70.799,-15.991],[-70.796,-16.015],[-70.776,-16.013],[-70.726,-16.036],[-70.689,-16.037],[-70.669,-16.031],[-70.645,-16.019],[-70.616,-16.011],[-70.569,-16.009],[-70.536,-16.019],[-70.518,-16.039],[-70.48,-16.05],[-70.438,-16.057],[-70.393,-16.113],[-70.374,-16.165],[-70.353,-16.201],[-70.323,-16.23],[-70.312,-16.261],[-70.323,-16.29],[-70.34,-16.326],[-70.348,-16.363],[-70.348,-16.411],[-70.312,-16.447],[-70.281,-16.469],[-70.209,-16.542],[-70.187,-16.558],[-70.167,-16.586],[-70.153,-16.619],[-70.128,-16.642],[-70.098,-16.658],[-70.049,-16.662],[-70.031,-16.657],[-70.002,-16.663],[-69.991,-16.749],[-70.019,-16.776],[-70.045,-16.806],[-70.063,-16.84],[-70.077,-16.886],[-70.098,-16.922],[-70.117,-16.941],[-70.117,-16.942],[-70.104,-16.985],[-70.085,-17.025],[-70.048,-17.044],[-70.033,-17.068],[-70.027,-17.112],[-70.008,-17.145],[-69.981,-17.166],[-69.932,-17.213],[-69.884,-17.241],[-69.839,-17.252],[-69.789,-17.262],[-69.75,-17.282],[-69.729,-17.299],[-69.719,-17.314],[-69.696,-17.302],[-69.635,-17.296],[-69.612,-17.308],[-69.58,-17.303]]]}},{"type":"Feature","properties":{"depto":"24","nombre_fuente":"Tumbes"},"geometry":{"type":"Polygon","coordinates":[[[-80.494,-4.073],[-80.498,-4.059],[-80.467,-4.009],[-80.457,-3.982],[-80.396,-3.962],[-80.371,-3.967],[-80.32,-3.988],[-80.292,-3.994],[-80.257,-3.97],[-80.232,-3.942],[-80.188,-3.915],[-80.162,-3.89],[-80.16,-3.853],[-80.17,-3.805],[-80.2,-3.724],[-80.202,-3.691],[-80.195,-3.633],[-80.206,-3.591],[-80.23,-3.551],[-80.243,-3.504],[-80.249,-3.471],[-80.25,-3.455],[-80.241,-3.421],[-80.257,-3.398],[-80.287,-3.389],[-80.315,-3.389],[-80.334,-3.4],[-80.351,-3.422],[-80.364,-3.452],[-80.438,-3.488],[-80.491,-3.488],[-80.529,-3.533],[-80.565,-3.586],[-80.589,-3.611],[-80.631,-3.643],[-80.67,-3.668],[-80.718,-3.687],[-80.757,-3.704],[-80.796,-3.741],[-80.82,-3.777],[-80.843,-3.858],[-80.871,-3.884],[-80.906,-3.897],[-80.936,-3.915],[-80.984,-3.962],[-81.007,-3.998],[-81.03,-4.043],[-81.056,-4.08],[-81.036,-4.099],[-81.013,-4.115],[-80.99,-4.128],[-80.968,-4.144],[-80.932,-4.16],[-80.876,-4.168],[-80.832,-4.163],[-80.78,-4.161],[-80.741,-4.164],[-80.685,-4.2],[-80.651,-4.209],[-80.621,-4.209],[-80.591,-4.182],[-80.571,-4.151],[-80.519,-4.091],[-80.494,-4.073]]]}},{"type":"Feature","properties":{"depto":"20","nombre_fuente":"Piura"},"geometry":{"type":"Polygon","coordinates":[[[-81.056,-4.08],[-81.058,-4.083],[-81.105,-4.114],[-81.135,-4.148],[-81.187,-4.194],[-81.217,-4.223],[-81.239,-4.238],[-81.257,-4.268],[-81.264,-4.305],[-81.258,-4.371],[-81.269,-4.406],[-81.312,-4.461],[-81.315,-4.484],[-81.302,-4.503],[-81.293,-4.547],[-81.292,-4.604],[-81.313,-4.623],[-81.328,-4.65],[-81.327,-4.686],[-81.302,-4.717],[-81.256,-4.783],[-81.202,-4.836],[-81.163,-4.884],[-81.101,-4.952],[-81.083,-5.003],[-81.082,-5.038],[-81.096,-5.061],[-81.124,-5.063],[-81.158,-5.07],[-81.172,-5.087],[-81.189,-5.155],[-81.199,-5.227],[-81.139,-5.273],[-81.103,-5.296],[-81.058,-5.339],[-81.025,-5.366],[-80.936,-5.467],[-80.911,-5.526],[-80.891,-5.578],[-80.866,-5.675],[-80.877,-5.759],[-80.899,-5.806],[-80.953,-5.843],[-80.988,-5.839],[-81.073,-5.797],[-81.095,-5.806],[-81.116,-5.821],[-81.145,-5.852],[-81.16,-5.952],[-81.149,-6.009],[-81.136,-6.033],[-81.108,-6.063],[-81.077,-6.09],[-81.043,-6.114],[-80.913,-6.191],[-80.86,-6.239],[-80.763,-6.296],[-80.639,-6.356],[-80.567,-6.275],[-80.521,-6.213],[-80.496,-6.169],[-80.477,-6.125],[-80.446,-6.079],[-80.415,-6.043],[-80.402,-6.021],[-80.362,-5.964],[-80.337,-5.944],[-80.318,-5.924],[-80.293,-5.91],[-80.256,-5.898],[-80.203,-5.897],[-80.157,-5.88],[-80.118,-5.857],[-80.063,-5.801],[-80.022,-5.756],[-79.998,-5.723],[-79.995,-5.688],[-79.992,-5.629],[-79.982,-5.598],[-79.97,-5.577],[-79.964,-5.536],[-79.954,-5.508],[-79.925,-5.488],[-79.902,-5.485],[-79.885,-5.493],[-79.878,-5.515],[-79.873,-5.568],[-79.863,-5.605],[-79.845,-5.63],[-79.815,-5.646],[-79.773,-5.659],[-79.76,-5.672],[-79.751,-5.706],[-79.751,-5.762],[-79.747,-5.794],[-79.737,-5.815],[-79.724,-5.824],[-79.704,-5.829],[-79.677,-5.823],[-79.662,-5.821],[-79.651,-5.814],[-79.64,-5.825],[-79.642,-5.847],[-79.634,-5.897],[-79.624,-5.915],[-79.602,-5.927],[-79.58,-5.926],[-79.553,-5.918],[-79.532,-5.907],[-79.512,-5.904],[-79.496,-5.907],[-79.438,-5.951],[-79.415,-5.955],[-79.415,-5.955],[-79.396,-5.936],[-79.374,-5.91],[-79.357,-5.878],[-79.359,-5.836],[-79.383,-5.804],[-79.404,-5.77],[-79.406,-5.742],[-79.396,-5.643],[-79.397,-5.566],[-79.379,-5.523],[-79.356,-5.514],[-79.312,-5.513],[-79.29,-5.487],[-79.328,-5.383],[-79.331,-5.34],[-79.356,-5.303],[-79.363,-5.269],[-79.365,-5.227],[-79.377,-5.202],[-79.374,-5.173],[-79.35,-5.131],[-79.331,-5.116],[-79.304,-5.088],[-79.27,-5.043],[-79.242,-5.002],[-79.223,-4.952],[-79.262,-4.948],[-79.288,-4.938],[-79.313,-4.917],[-79.34,-4.89],[-79.399,-4.804],[-79.419,-4.777],[-79.461,-4.709],[-79.493,-4.635],[-79.496,-4.62],[-79.493,-4.569],[-79.509,-4.527],[-79.553,-4.505],[-79.623,-4.441],[-79.645,-4.429],[-79.671,-4.428],[-79.716,-4.447],[-79.755,-4.469],[-79.784,-4.474],[-79.821,-4.476],[-79.843,-4.472],[-79.861,-4.439],[-79.905,-4.396],[-79.929,-4.383],[-79.967,-4.384],[-79.99,-4.372],[-80.087,-4.307],[-80.12,-4.288],[-80.162,-4.287],[-80.188,-4.299],[-80.218,-4.33],[-80.262,-4.362],[-80.333,-4.444],[-80.357,-4.459],[-80.378,-4.468],[-80.396,-4.472],[-80.416,-4.464],[-80.439,-4.446],[-80.465,-4.419],[-80.478,-4.396],[-80.471,-4.364],[-80.393,-4.268],[-80.37,-4.243],[-80.358,-4.225],[-80.372,-4.203],[-80.412,-4.193],[-80.444,-4.172],[-80.479,-4.12],[-80.494,-4.073],[-80.519,-4.091],[-80.571,-4.151],[-80.591,-4.182],[-80.621,-4.209],[-80.651,-4.209],[-80.685,-4.2],[-80.741,-4.164],[-80.78,-4.161],[-80.832,-4.163],[-80.876,-4.168],[-80.932,-4.16],[-80.968,-4.144],[-80.99,-4.128],[-81.013,-4.115],[-81.036,-4.099],[-81.056,-4.08]]]}},{"type":"Feature","properties":{"depto":"14","nombre_fuente":"Lambayeque"},"geometry":{"type":"Polygon","coordinates":[[[-80.639,-6.356],[-80.54,-6.406],[-80.403,-6.481],[-80.338,-6.51],[-80.231,-6.568],[-80.13,-6.642],[-80.033,-6.718],[-79.998,-6.757],[-79.969,-6.797],[-79.949,-6.845],[-79.919,-6.872],[-79.891,-6.911],[-79.86,-6.946],[-79.833,-6.97],[-79.812,-6.999],[-79.764,-7.035],[-79.74,-7.059],[-79.709,-7.101],[-79.699,-7.133],[-79.665,-7.117],[-79.63,-7.097],[-79.598,-7.067],[-79.578,-7.042],[-79.554,-7.02],[-79.534,-6.995],[-79.475,-6.948],[-79.454,-6.935],[-79.416,-6.952],[-79.393,-6.97],[-79.372,-6.999],[-79.347,-7.019],[-79.339,-7.017],[-79.315,-7.011],[-79.313,-6.972],[-79.32,-6.953],[-79.334,-6.932],[-79.313,-6.893],[-79.302,-6.88],[-79.288,-6.874],[-79.234,-6.841],[-79.211,-6.819],[-79.193,-6.806],[-79.174,-6.803],[-79.149,-6.787],[-79.137,-6.769],[-79.139,-6.756],[-79.145,-6.746],[-79.148,-6.726],[-79.163,-6.7],[-79.196,-6.694],[-79.219,-6.687],[-79.242,-6.672],[-79.271,-6.659],[-79.296,-6.655],[-79.327,-6.646],[-79.344,-6.634],[-79.355,-6.616],[-79.361,-6.593],[-79.365,-6.568],[-79.372,-6.544],[-79.386,-6.525],[-79.407,-6.52],[-79.428,-6.505],[-79.433,-6.487],[-79.436,-6.466],[-79.435,-6.423],[-79.449,-6.41],[-79.462,-6.391],[-79.461,-6.371],[-79.457,-6.351],[-79.445,-6.328],[-79.432,-6.311],[-79.412,-6.295],[-79.388,-6.284],[-79.337,-6.263],[-79.308,-6.248],[-79.287,-6.231],[-79.267,-6.204],[-79.28,-6.183],[-79.286,-6.163],[-79.277,-6.141],[-79.26,-6.106],[-79.236,-6.075],[-79.209,-6.056],[-79.195,-6.041],[-79.248,-6.022],[-79.266,-6.011],[-79.297,-6.004],[-79.328,-6.014],[-79.339,-5.994],[-79.381,-5.981],[-79.401,-5.97],[-79.412,-5.961],[-79.415,-5.955],[-79.438,-5.951],[-79.496,-5.907],[-79.512,-5.904],[-79.532,-5.907],[-79.553,-5.918],[-79.58,-5.926],[-79.602,-5.927],[-79.624,-5.915],[-79.634,-5.897],[-79.642,-5.847],[-79.64,-5.825],[-79.651,-5.814],[-79.662,-5.821],[-79.677,-5.823],[-79.704,-5.829],[-79.724,-5.824],[-79.737,-5.815],[-79.747,-5.794],[-79.751,-5.762],[-79.751,-5.706],[-79.76,-5.672],[-79.773,-5.659],[-79.815,-5.646],[-79.845,-5.63],[-79.863,-5.605],[-79.873,-5.568],[-79.878,-5.515],[-79.885,-5.493],[-79.902,-5.485],[-79.925,-5.488],[-79.954,-5.508],[-79.964,-5.536],[-79.97,-5.577],[-79.982,-5.598],[-79.992,-5.629],[-79.995,-5.688],[-79.998,-5.723],[-80.022,-5.756],[-80.063,-5.801],[-80.118,-5.857],[-80.157,-5.88],[-80.203,-5.897],[-80.256,-5.898],[-80.293,-5.91],[-80.318,-5.924],[-80.337,-5.944],[-80.362,-5.964],[-80.402,-6.021],[-80.415,-6.043],[-80.446,-6.079],[-80.477,-6.125],[-80.496,-6.169],[-80.521,-6.213],[-80.567,-6.275],[-80.639,-6.356]]]}},{"type":"Feature","properties":{"depto":"06","nombre_fuente":"Cajamarca"},"geometry":{"type":"Polygon","coordinates":[[[-79.415,-5.955],[-79.412,-5.961],[-79.401,-5.97],[-79.381,-5.981],[-79.339,-5.994],[-79.328,-6.014],[-79.297,-6.004],[-79.266,-6.011],[-79.248,-6.022],[-79.195,-6.041],[-79.209,-6.056],[-79.236,-6.075],[-79.26,-6.106],[-79.277,-6.141],[-79.286,-6.163],[-79.28,-6.183],[-79.267,-6.204],[-79.287,-6.231],[-79.308,-6.248],[-79.337,-6.263],[-79.388,-6.284],[-79.412,-6.295],[-79.432,-6.311],[-79.445,-6.328],[-79.457,-6.351],[-79.461,-6.371],[-79.462,-6.391],[-79.449,-6.41],[-79.435,-6.423],[-79.436,-6.466],[-79.433,-6.487],[-79.428,-6.505],[-79.407,-6.52],[-79.386,-6.525],[-79.372,-6.544],[-79.365,-6.568],[-79.361,-6.593],[-79.355,-6.616],[-79.344,-6.634],[-79.327,-6.646],[-79.296,-6.655],[-79.271,-6.659],[-79.242,-6.672],[-79.219,-6.687],[-79.196,-6.694],[-79.163,-6.7],[-79.148,-6.726],[-79.145,-6.746],[-79.139,-6.756],[-79.137,-6.769],[-79.149,-6.787],[-79.174,-6.803],[-79.193,-6.806],[-79.211,-6.819],[-79.234,-6.841],[-79.288,-6.874],[-79.302,-6.88],[-79.313,-6.893],[-79.334,-6.932],[-79.32,-6.953],[-79.313,-6.972],[-79.315,-7.011],[-79.339,-7.017],[-79.332,-7.034],[-79.328,-7.067],[-79.322,-7.098],[-79.306,-7.136],[-79.291,-7.162],[-79.283,-7.178],[-79.283,-7.195],[-79.294,-7.262],[-79.315,-7.283],[-79.347,-7.311],[-79.351,-7.327],[-79.322,-7.348],[-79.289,-7.357],[-79.242,-7.378],[-79.207,-7.385],[-79.185,-7.404],[-79.166,-7.417],[-79.132,-7.434],[-79.11,-7.45],[-79.098,-7.463],[-79.087,-7.48],[-79.083,-7.521],[-79.035,-7.605],[-79.006,-7.636],[-78.988,-7.649],[-78.964,-7.647],[-78.951,-7.629],[-78.919,-7.573],[-78.902,-7.534],[-78.874,-7.519],[-78.864,-7.48],[-78.838,-7.431],[-78.809,-7.411],[-78.722,-7.413],[-78.692,-7.42],[-78.638,-7.44],[-78.634,-7.459],[-78.642,-7.483],[-78.648,-7.508],[-78.63,-7.525],[-78.599,-7.545],[-78.555,-7.55],[-78.507,-7.55],[-78.486,-7.537],[-78.46,-7.516],[-78.447,-7.498],[-78.413,-7.492],[-78.374,-7.491],[-78.349,-7.505],[-78.355,-7.532],[-78.377,-7.556],[-78.383,-7.601],[-78.379,-7.621],[-78.369,-7.651],[-78.349,-7.678],[-78.321,-7.695],[-78.3,-7.706],[-78.268,-7.729],[-78.239,-7.734],[-78.213,-7.731],[-78.194,-7.722],[-78.179,-7.709],[-78.168,-7.693],[-78.146,-7.672],[-78.131,-7.667],[-78.107,-7.667],[-78.084,-7.679],[-78.061,-7.684],[-78.0,-7.663],[-77.947,-7.641],[-77.918,-7.609],[-77.901,-7.581],[-77.865,-7.532],[-77.819,-7.496],[-77.786,-7.482],[-77.76,-7.464],[-77.76,-7.446],[-77.773,-7.426],[-77.79,-7.412],[-77.809,-7.391],[-77.819,-7.373],[-77.83,-7.34],[-77.849,-7.314],[-77.86,-7.257],[-77.872,-7.231],[-77.893,-7.202],[-77.906,-7.178],[-77.932,-7.105],[-77.987,-7.015],[-77.992,-6.974],[-77.993,-6.971],[-78.006,-6.898],[-78.033,-6.821],[-78.039,-6.762],[-78.05,-6.72],[-78.061,-6.693],[-78.075,-6.667],[-78.105,-6.634],[-78.13,-6.597],[-78.139,-6.559],[-78.149,-6.531],[-78.163,-6.504],[-78.262,-6.394],[-78.289,-6.38],[-78.312,-6.355],[-78.334,-6.328],[-78.38,-6.265],[-78.394,-6.235],[-78.411,-6.211],[-78.466,-6.148],[-78.496,-6.093],[-78.523,-6.075],[-78.568,-6.067],[-78.594,-6.06],[-78.617,-6.041],[-78.636,-5.996],[-78.676,-5.923],[-78.688,-5.905],[-78.7,-5.875],[-78.701,-5.798],[-78.695,-5.723],[-78.68,-5.687],[-78.657,-5.651],[-78.629,-5.621],[-78.602,-5.566],[-78.587,-5.539],[-78.571,-5.524],[-78.545,-5.474],[-78.531,-5.453],[-78.519,-5.429],[-78.512,-5.407],[-78.518,-5.385],[-78.539,-5.363],[-78.558,-5.34],[-78.578,-5.321],[-78.597,-5.297],[-78.63,-5.278],[-78.668,-5.264],[-78.68,-5.249],[-78.697,-5.232],[-78.71,-5.207],[-78.715,-5.172],[-78.708,-5.124],[-78.69,-5.082],[-78.673,-5.06],[-78.662,-5.042],[-78.651,-5.018],[-78.653,-4.99],[-78.659,-4.962],[-78.664,-4.917],[-78.661,-4.858],[-78.639,-4.778],[-78.65,-4.731],[-78.66,-4.669],[-78.673,-4.644],[-78.704,-4.61],[-78.706,-4.611],[-78.741,-4.619],[-78.784,-4.637],[-78.829,-4.644],[-78.857,-4.661],[-78.877,-4.696],[-78.892,-4.73],[-78.901,-4.769],[-78.906,-4.829],[-78.918,-4.867],[-78.941,-4.888],[-78.958,-4.895],[-78.994,-4.934],[-79.028,-4.991],[-79.078,-4.982],[-79.097,-4.969],[-79.184,-4.954],[-79.223,-4.952],[-79.242,-5.002],[-79.27,-5.043],[-79.304,-5.088],[-79.331,-5.116],[-79.35,-5.131],[-79.374,-5.173],[-79.377,-5.202],[-79.365,-5.227],[-79.363,-5.269],[-79.356,-5.303],[-79.331,-5.34],[-79.328,-5.383],[-79.29,-5.487],[-79.312,-5.513],[-79.356,-5.514],[-79.379,-5.523],[-79.397,-5.566],[-79.396,-5.643],[-79.406,-5.742],[-79.404,-5.77],[-79.383,-5.804],[-79.359,-5.836],[-79.357,-5.878],[-79.374,-5.91],[-79.396,-5.936],[-79.415,-5.955],[-79.415,-5.955]]]}},{"type":"Feature","properties":{"depto":"01","nombre_fuente":"Amazonas"},"geometry":{"type":"Polygon","coordinates":[[[-77.992,-6.974],[-77.941,-6.964],[-77.891,-6.963],[-77.867,-6.95],[-77.841,-6.95],[-77.808,-6.964],[-77.799,-6.953],[-77.774,-6.94],[-77.774,-6.939],[-77.748,-6.93],[-77.723,-6.906],[-77.723,-6.87],[-77.735,-6.856],[-77.749,-6.833],[-77.756,-6.802],[-77.749,-6.785],[-77.737,-6.766],[-77.746,-6.746],[-77.751,-6.727],[-77.737,-6.68],[-77.711,-6.64],[-77.671,-6.62],[-77.617,-6.617],[-77.592,-6.62],[-77.56,-6.641],[-77.514,-6.701],[-77.5,-6.702],[-77.485,-6.694],[-77.438,-6.695],[-77.408,-6.705],[-77.392,-6.715],[-77.391,-6.694],[-77.392,-6.673],[-77.397,-6.655],[-77.405,-6.644],[-77.417,-6.631],[-77.424,-6.617],[-77.41,-6.599],[-77.38,-6.57],[-77.361,-6.547],[-77.346,-6.523],[-77.319,-6.463],[-77.294,-6.401],[-77.295,-6.379],[-77.284,-6.344],[-77.269,-6.33],[-77.249,-6.337],[-77.233,-6.349],[-77.221,-6.36],[-77.193,-6.38],[-77.177,-6.373],[-77.162,-6.359],[-77.142,-6.333],[-77.133,-6.31],[-77.14,-6.296],[-77.151,-6.284],[-77.163,-6.261],[-77.174,-6.249],[-77.198,-6.232],[-77.211,-6.212],[-77.224,-6.189],[-77.229,-6.165],[-77.237,-6.144],[-77.263,-6.133],[-77.292,-6.131],[-77.32,-6.12],[-77.333,-6.109],[-77.348,-6.099],[-77.385,-6.049],[-77.41,-6.03],[-77.442,-6.02],[-77.462,-6.011],[-77.483,-6.014],[-77.506,-6.027],[-77.521,-6.029],[-77.542,-6.024],[-77.575,-6.003],[-77.588,-6.0],[-77.631,-5.988],[-77.644,-5.97],[-77.677,-5.895],[-77.681,-5.875],[-77.681,-5.851],[-77.688,-5.834],[-77.708,-5.827],[-77.726,-5.822],[-77.759,-5.808],[-77.777,-5.787],[-77.79,-5.746],[-77.784,-5.707],[-77.773,-5.677],[-77.766,-5.661],[-77.751,-5.641],[-77.748,-5.593],[-77.753,-5.556],[-77.759,-5.502],[-77.765,-5.463],[-77.761,-5.441],[-77.738,-5.397],[-77.729,-5.387],[-77.712,-5.378],[-77.704,-5.373],[-77.689,-5.349],[-77.685,-5.316],[-77.684,-5.281],[-77.692,-5.245],[-77.702,-5.228],[-77.711,-5.195],[-77.719,-5.05],[-77.724,-5.027],[-77.744,-4.987],[-77.748,-4.966],[-77.751,-4.945],[-77.768,-4.907],[-77.792,-4.873],[-77.815,-4.836],[-77.819,-4.814],[-77.811,-4.786],[-77.802,-4.767],[-77.792,-4.752],[-77.775,-4.711],[-77.736,-4.671],[-77.705,-4.641],[-77.687,-4.629],[-77.677,-4.608],[-77.669,-4.58],[-77.666,-4.562],[-77.651,-4.539],[-77.645,-4.512],[-77.628,-4.484],[-77.62,-4.48],[-77.6,-4.46],[-77.58,-4.435],[-77.574,-4.419],[-77.572,-4.392],[-77.582,-4.306],[-77.598,-4.255],[-77.587,-4.217],[-77.574,-4.178],[-77.566,-4.136],[-77.557,-4.105],[-77.533,-4.062],[-77.534,-4.017],[-77.547,-3.966],[-77.555,-3.925],[-77.573,-3.88],[-77.612,-3.85],[-77.637,-3.804],[-77.639,-3.672],[-77.648,-3.592],[-77.669,-3.562],[-77.696,-3.546],[-77.728,-3.511],[-77.759,-3.469],[-77.78,-3.41],[-77.786,-3.143],[-77.816,-3.007],[-77.823,-2.986],[-77.826,-2.981],[-77.86,-2.988],[-77.881,-2.99],[-77.944,-3.026],[-77.972,-3.056],[-77.993,-3.089],[-78.01,-3.128],[-78.049,-3.198],[-78.128,-3.276],[-78.144,-3.312],[-78.159,-3.339],[-78.185,-3.364],[-78.19,-3.381],[-78.182,-3.404],[-78.175,-3.436],[-78.179,-3.466],[-78.186,-3.479],[-78.198,-3.49],[-78.216,-3.499],[-78.224,-3.499],[-78.282,-3.407],[-78.306,-3.394],[-78.328,-3.386],[-78.344,-3.391],[-78.371,-3.49],[-78.38,-3.548],[-78.393,-3.604],[-78.399,-3.649],[-78.409,-3.69],[-78.417,-3.749],[-78.426,-3.778],[-78.471,-3.844],[-78.477,-3.872],[-78.526,-3.924],[-78.554,-3.962],[-78.581,-4.01],[-78.576,-4.038],[-78.566,-4.06],[-78.566,-4.091],[-78.579,-4.117],[-78.584,-4.159],[-78.599,-4.208],[-78.623,-4.258],[-78.636,-4.292],[-78.648,-4.31],[-78.656,-4.328],[-78.65,-4.358],[-78.634,-4.376],[-78.624,-4.413],[-78.632,-4.457],[-78.649,-4.491],[-78.671,-4.574],[-78.692,-4.598],[-78.704,-4.61],[-78.673,-4.644],[-78.66,-4.669],[-78.65,-4.731],[-78.639,-4.778],[-78.661,-4.858],[-78.664,-4.917],[-78.659,-4.962],[-78.653,-4.99],[-78.651,-5.018],[-78.662,-5.042],[-78.673,-5.06],[-78.69,-5.082],[-78.708,-5.124],[-78.715,-5.172],[-78.71,-5.207],[-78.697,-5.232],[-78.68,-5.249],[-78.668,-5.264],[-78.63,-5.278],[-78.597,-5.297],[-78.578,-5.321],[-78.558,-5.34],[-78.539,-5.363],[-78.518,-5.385],[-78.512,-5.407],[-78.519,-5.429],[-78.531,-5.453],[-78.545,-5.474],[-78.571,-5.524],[-78.587,-5.539],[-78.602,-5.566],[-78.629,-5.621],[-78.657,-5.651],[-78.68,-5.687],[-78.695,-5.723],[-78.701,-5.798],[-78.7,-5.875],[-78.688,-5.905],[-78.676,-5.923],[-78.636,-5.996],[-78.617,-6.041],[-78.594,-6.06],[-78.568,-6.067],[-78.523,-6.075],[-78.496,-6.093],[-78.466,-6.148],[-78.411,-6.211],[-78.394,-6.235],[-78.38,-6.265],[-78.334,-6.328],[-78.312,-6.355],[-78.289,-6.38],[-78.262,-6.394],[-78.163,-6.504],[-78.149,-6.531],[-78.139,-6.559],[-78.13,-6.597],[-78.105,-6.634],[-78.075,-6.667],[-78.061,-6.693],[-78.05,-6.72],[-78.039,-6.762],[-78.033,-6.821],[-78.006,-6.898],[-77.993,-6.971],[-77.992,-6.974]]]}},{"type":"Feature","properties":{"depto":"13","nombre_fuente":"La Libertad"},"geometry":{"type":"Polygon","coordinates":[[[-79.699,-7.133],[-79.692,-7.165],[-79.68,-7.189],[-79.639,-7.235],[-79.608,-7.296],[-79.592,-7.34],[-79.58,-7.404],[-79.575,-7.466],[-79.527,-7.542],[-79.506,-7.58],[-79.46,-7.637],[-79.444,-7.688],[-79.467,-7.692],[-79.452,-7.736],[-79.422,-7.767],[-79.401,-7.803],[-79.381,-7.845],[-79.344,-7.888],[-79.308,-7.926],[-79.271,-7.948],[-79.199,-8.022],[-79.082,-8.125],[-79.01,-8.194],[-78.994,-8.216],[-78.973,-8.252],[-78.948,-8.308],[-78.929,-8.334],[-78.917,-8.357],[-78.907,-8.398],[-78.918,-8.427],[-78.915,-8.443],[-78.908,-8.458],[-78.873,-8.488],[-78.829,-8.511],[-78.796,-8.541],[-78.773,-8.579],[-78.757,-8.638],[-78.75,-8.684],[-78.756,-8.73],[-78.761,-8.762],[-78.757,-8.796],[-78.709,-8.846],[-78.692,-8.867],[-78.67,-8.9],[-78.652,-8.952],[-78.653,-8.956],[-78.64,-8.955],[-78.608,-8.941],[-78.596,-8.913],[-78.579,-8.827],[-78.565,-8.795],[-78.549,-8.776],[-78.523,-8.755],[-78.488,-8.738],[-78.451,-8.729],[-78.415,-8.715],[-78.385,-8.699],[-78.367,-8.678],[-78.236,-8.65],[-78.209,-8.629],[-78.204,-8.586],[-78.216,-8.563],[-78.21,-8.542],[-78.197,-8.513],[-78.182,-8.488],[-78.165,-8.457],[-78.144,-8.427],[-78.131,-8.376],[-78.126,-8.347],[-78.104,-8.31],[-78.077,-8.276],[-78.043,-8.247],[-77.94,-8.174],[-77.921,-8.132],[-77.911,-8.105],[-77.896,-8.075],[-77.881,-8.056],[-77.82,-8.063],[-77.751,-8.072],[-77.716,-8.069],[-77.693,-8.058],[-77.67,-8.056],[-77.646,-8.068],[-77.629,-8.102],[-77.611,-8.151],[-77.57,-8.201],[-77.547,-8.236],[-77.479,-8.312],[-77.466,-8.359],[-77.434,-8.419],[-77.371,-8.499],[-77.342,-8.524],[-77.322,-8.529],[-77.322,-8.529],[-77.296,-8.512],[-77.285,-8.484],[-77.265,-8.468],[-77.243,-8.472],[-77.217,-8.482],[-77.183,-8.478],[-77.137,-8.465],[-77.128,-8.458],[-77.11,-8.443],[-77.073,-8.406],[-77.044,-8.389],[-76.989,-8.385],[-76.945,-8.364],[-76.914,-8.314],[-76.911,-8.284],[-76.913,-8.238],[-76.922,-8.22],[-76.917,-8.202],[-76.914,-8.177],[-76.926,-8.149],[-76.966,-8.126],[-77.003,-8.08],[-77.03,-8.053],[-77.067,-8.042],[-77.105,-8.037],[-77.141,-8.025],[-77.155,-8.019],[-77.188,-8.011],[-77.228,-8.013],[-77.271,-8.033],[-77.29,-8.044],[-77.321,-8.044],[-77.366,-8.04],[-77.401,-8.006],[-77.404,-7.944],[-77.404,-7.906],[-77.416,-7.884],[-77.431,-7.846],[-77.465,-7.803],[-77.514,-7.772],[-77.523,-7.758],[-77.499,-7.717],[-77.49,-7.692],[-77.499,-7.67],[-77.514,-7.655],[-77.529,-7.627],[-77.516,-7.607],[-77.521,-7.568],[-77.53,-7.54],[-77.566,-7.465],[-77.589,-7.448],[-77.61,-7.424],[-77.622,-7.412],[-77.635,-7.393],[-77.64,-7.363],[-77.635,-7.25],[-77.62,-7.212],[-77.627,-7.186],[-77.645,-7.15],[-77.674,-7.128],[-77.711,-7.098],[-77.747,-7.018],[-77.766,-6.957],[-77.774,-6.94],[-77.799,-6.953],[-77.808,-6.964],[-77.841,-6.95],[-77.867,-6.95],[-77.891,-6.963],[-77.941,-6.964],[-77.992,-6.974],[-77.987,-7.015],[-77.932,-7.105],[-77.906,-7.178],[-77.893,-7.202],[-77.872,-7.231],[-77.86,-7.257],[-77.849,-7.314],[-77.83,-7.34],[-77.819,-7.373],[-77.809,-7.391],[-77.79,-7.412],[-77.773,-7.426],[-77.76,-7.446],[-77.76,-7.464],[-77.786,-7.482],[-77.819,-7.496],[-77.865,-7.532],[-77.901,-7.581],[-77.918,-7.609],[-77.947,-7.641],[-78.0,-7.663],[-78.061,-7.684],[-78.084,-7.679],[-78.107,-7.667],[-78.131,-7.667],[-78.146,-7.672],[-78.168,-7.693],[-78.179,-7.709],[-78.194,-7.722],[-78.213,-7.731],[-78.239,-7.734],[-78.268,-7.729],[-78.3,-7.706],[-78.321,-7.695],[-78.349,-7.678],[-78.369,-7.651],[-78.379,-7.621],[-78.383,-7.601],[-78.377,-7.556],[-78.355,-7.532],[-78.349,-7.505],[-78.374,-7.491],[-78.413,-7.492],[-78.447,-7.498],[-78.46,-7.516],[-78.486,-7.537],[-78.507,-7.55],[-78.555,-7.55],[-78.599,-7.545],[-78.63,-7.525],[-78.648,-7.508],[-78.642,-7.483],[-78.634,-7.459],[-78.638,-7.44],[-78.692,-7.42],[-78.722,-7.413],[-78.809,-7.411],[-78.838,-7.431],[-78.864,-7.48],[-78.874,-7.519],[-78.902,-7.534],[-78.919,-7.573],[-78.951,-7.629],[-78.964,-7.647],[-78.988,-7.649],[-79.006,-7.636],[-79.035,-7.605],[-79.083,-7.521],[-79.087,-7.48],[-79.098,-7.463],[-79.11,-7.45],[-79.132,-7.434],[-79.166,-7.417],[-79.185,-7.404],[-79.207,-7.385],[-79.242,-7.378],[-79.289,-7.357],[-79.322,-7.348],[-79.351,-7.327],[-79.347,-7.311],[-79.315,-7.283],[-79.294,-7.262],[-79.283,-7.195],[-79.283,-7.178],[-79.291,-7.162],[-79.306,-7.136],[-79.322,-7.098],[-79.328,-7.067],[-79.332,-7.034],[-79.339,-7.017],[-79.347,-7.019],[-79.372,-6.999],[-79.393,-6.97],[-79.416,-6.952],[-79.454,-6.935],[-79.475,-6.948],[-79.534,-6.995],[-79.554,-7.02],[-79.578,-7.042],[-79.598,-7.067],[-79.63,-7.097],[-79.665,-7.117],[-79.699,-7.133]]]}},{"type":"Feature","properties":{"depto":"02","nombre_fuente":"Ancash"},"geometry":{"type":"Polygon","coordinates":[[[-78.653,-8.956],[-78.658,-8.988],[-78.66,-9.012],[-78.659,-9.033],[-78.648,-9.051],[-78.615,-9.08],[-78.592,-9.082],[-78.565,-9.115],[-78.557,-9.133],[-78.569,-9.148],[-78.585,-9.15],[-78.605,-9.159],[-78.61,-9.172],[-78.611,-9.187],[-78.603,-9.202],[-78.583,-9.222],[-78.567,-9.218],[-78.566,-9.197],[-78.557,-9.177],[-78.53,-9.174],[-78.498,-9.185],[-78.492,-9.207],[-78.494,-9.239],[-78.511,-9.255],[-78.511,-9.281],[-78.48,-9.315],[-78.45,-9.338],[-78.423,-9.387],[-78.405,-9.432],[-78.401,-9.479],[-78.402,-9.511],[-78.39,-9.547],[-78.383,-9.585],[-78.348,-9.649],[-78.314,-9.701],[-78.293,-9.729],[-78.257,-9.77],[-78.237,-9.797],[-78.235,-9.822],[-78.252,-9.866],[-78.251,-9.907],[-78.234,-9.953],[-78.209,-9.996],[-78.192,-10.042],[-78.182,-10.06],[-78.18,-10.104],[-78.169,-10.138],[-78.155,-10.163],[-78.123,-10.191],[-78.104,-10.217],[-78.087,-10.255],[-78.071,-10.3],[-78.045,-10.358],[-78.034,-10.377],[-78.006,-10.42],[-77.99,-10.449],[-77.968,-10.483],[-77.923,-10.543],[-77.9,-10.593],[-77.869,-10.578],[-77.795,-10.571],[-77.782,-10.543],[-77.786,-10.516],[-77.787,-10.473],[-77.774,-10.445],[-77.764,-10.417],[-77.774,-10.387],[-77.758,-10.339],[-77.722,-10.321],[-77.647,-10.327],[-77.612,-10.341],[-77.612,-10.372],[-77.63,-10.403],[-77.667,-10.441],[-77.698,-10.462],[-77.725,-10.513],[-77.735,-10.547],[-77.655,-10.534],[-77.627,-10.589],[-77.61,-10.605],[-77.588,-10.617],[-77.589,-10.646],[-77.581,-10.688],[-77.585,-10.723],[-77.599,-10.763],[-77.584,-10.769],[-77.527,-10.746],[-77.46,-10.74],[-77.437,-10.734],[-77.416,-10.719],[-77.403,-10.703],[-77.392,-10.669],[-77.37,-10.642],[-77.356,-10.62],[-77.326,-10.584],[-77.292,-10.564],[-77.234,-10.55],[-77.208,-10.538],[-77.195,-10.529],[-77.176,-10.488],[-77.117,-10.407],[-77.081,-10.368],[-77.064,-10.351],[-77.042,-10.335],[-77.022,-10.313],[-76.994,-10.296],[-76.948,-10.291],[-76.922,-10.291],[-76.918,-10.286],[-76.908,-10.272],[-76.905,-10.246],[-76.917,-10.211],[-76.924,-10.17],[-76.919,-10.147],[-76.893,-10.119],[-76.86,-10.099],[-76.828,-10.082],[-76.816,-10.047],[-76.83,-10.02],[-76.835,-9.989],[-76.84,-9.95],[-76.848,-9.92],[-76.869,-9.877],[-76.882,-9.843],[-76.898,-9.793],[-76.924,-9.744],[-76.948,-9.73],[-76.996,-9.714],[-77.019,-9.702],[-77.043,-9.674],[-77.044,-9.647],[-77.034,-9.623],[-76.984,-9.585],[-76.961,-9.559],[-76.95,-9.535],[-76.936,-9.388],[-76.921,-9.363],[-76.879,-9.317],[-76.87,-9.295],[-76.851,-9.279],[-76.833,-9.286],[-76.768,-9.356],[-76.753,-9.342],[-76.734,-9.261],[-76.741,-9.216],[-76.764,-9.176],[-76.787,-9.152],[-76.807,-9.138],[-76.835,-9.126],[-76.862,-9.119],[-76.917,-9.081],[-76.994,-9.044],[-77.032,-9.017],[-77.062,-8.991],[-77.102,-8.963],[-77.133,-8.932],[-77.157,-8.898],[-77.166,-8.881],[-77.175,-8.86],[-77.189,-8.831],[-77.216,-8.783],[-77.236,-8.751],[-77.25,-8.726],[-77.256,-8.687],[-77.267,-8.657],[-77.285,-8.629],[-77.303,-8.585],[-77.322,-8.529],[-77.342,-8.524],[-77.371,-8.499],[-77.434,-8.419],[-77.466,-8.359],[-77.479,-8.312],[-77.547,-8.236],[-77.57,-8.201],[-77.611,-8.151],[-77.629,-8.102],[-77.646,-8.068],[-77.67,-8.056],[-77.693,-8.058],[-77.716,-8.069],[-77.751,-8.072],[-77.82,-8.063],[-77.881,-8.056],[-77.896,-8.075],[-77.911,-8.105],[-77.921,-8.132],[-77.94,-8.174],[-78.043,-8.247],[-78.077,-8.276],[-78.104,-8.31],[-78.126,-8.347],[-78.131,-8.376],[-78.144,-8.427],[-78.165,-8.457],[-78.182,-8.488],[-78.197,-8.513],[-78.21,-8.542],[-78.216,-8.563],[-78.204,-8.586],[-78.209,-8.629],[-78.236,-8.65],[-78.367,-8.678],[-78.385,-8.699],[-78.415,-8.715],[-78.451,-8.729],[-78.488,-8.738],[-78.523,-8.755],[-78.549,-8.776],[-78.565,-8.795],[-78.579,-8.827],[-78.596,-8.913],[-78.608,-8.941],[-78.64,-8.955],[-78.653,-8.956]]]}},{"type":"Feature","properties":{"depto":"22","nombre_fuente":"San Martín"},"geometry":{"type":"Polygon","coordinates":[[[-77.774,-6.94],[-77.766,-6.957],[-77.747,-7.018],[-77.711,-7.098],[-77.674,-7.128],[-77.645,-7.15],[-77.627,-7.186],[-77.62,-7.212],[-77.635,-7.25],[-77.64,-7.363],[-77.635,-7.393],[-77.622,-7.412],[-77.61,-7.424],[-77.589,-7.448],[-77.566,-7.465],[-77.53,-7.54],[-77.521,-7.568],[-77.516,-7.607],[-77.529,-7.627],[-77.514,-7.655],[-77.499,-7.67],[-77.49,-7.692],[-77.499,-7.717],[-77.523,-7.758],[-77.514,-7.772],[-77.465,-7.803],[-77.431,-7.846],[-77.416,-7.884],[-77.404,-7.906],[-77.404,-7.944],[-77.401,-8.006],[-77.366,-8.04],[-77.321,-8.044],[-77.29,-8.044],[-77.271,-8.033],[-77.228,-8.013],[-77.188,-8.011],[-77.155,-8.019],[-77.141,-8.025],[-77.105,-8.037],[-77.067,-8.042],[-77.03,-8.053],[-77.003,-8.08],[-76.966,-8.126],[-76.926,-8.149],[-76.914,-8.177],[-76.917,-8.202],[-76.922,-8.22],[-76.913,-8.238],[-76.911,-8.284],[-76.914,-8.314],[-76.945,-8.364],[-76.989,-8.385],[-77.044,-8.389],[-77.073,-8.406],[-77.11,-8.443],[-77.128,-8.458],[-77.085,-8.504],[-77.067,-8.52],[-77.034,-8.537],[-76.97,-8.557],[-76.934,-8.565],[-76.89,-8.56],[-76.859,-8.549],[-76.833,-8.531],[-76.803,-8.52],[-76.767,-8.516],[-76.713,-8.527],[-76.646,-8.528],[-76.62,-8.517],[-76.605,-8.505],[-76.574,-8.495],[-76.54,-8.502],[-76.512,-8.534],[-76.497,-8.564],[-76.502,-8.594],[-76.489,-8.594],[-76.478,-8.579],[-76.47,-8.553],[-76.459,-8.533],[-76.448,-8.483],[-76.413,-8.431],[-76.378,-8.416],[-76.357,-8.421],[-76.342,-8.436],[-76.324,-8.466],[-76.307,-8.515],[-76.29,-8.557],[-76.278,-8.596],[-76.272,-8.618],[-76.271,-8.67],[-76.255,-8.707],[-76.24,-8.731],[-76.244,-8.785],[-76.225,-8.778],[-76.201,-8.764],[-76.173,-8.744],[-76.156,-8.724],[-76.143,-8.7],[-76.134,-8.675],[-76.118,-8.651],[-76.118,-8.615],[-76.125,-8.586],[-76.135,-8.556],[-76.134,-8.522],[-76.122,-8.444],[-76.119,-8.409],[-76.11,-8.382],[-76.089,-8.343],[-76.072,-8.331],[-76.046,-8.323],[-76.004,-8.314],[-76.003,-8.314],[-75.971,-8.301],[-75.949,-8.285],[-75.933,-8.267],[-75.923,-8.245],[-75.933,-8.2],[-75.935,-8.151],[-75.944,-8.127],[-75.941,-8.11],[-75.926,-8.09],[-75.906,-8.078],[-75.881,-8.068],[-75.846,-8.038],[-75.839,-7.996],[-75.856,-7.951],[-75.888,-7.925],[-75.928,-7.93],[-75.967,-7.929],[-75.991,-7.913],[-76.0,-7.887],[-76.004,-7.867],[-76.036,-7.816],[-76.062,-7.785],[-76.086,-7.738],[-76.093,-7.701],[-76.092,-7.671],[-76.09,-7.65],[-76.089,-7.609],[-76.08,-7.576],[-76.167,-7.491],[-76.2,-7.444],[-76.214,-7.414],[-76.216,-7.386],[-76.207,-7.327],[-76.199,-7.299],[-76.186,-7.279],[-76.172,-7.244],[-76.137,-7.203],[-76.092,-7.175],[-76.047,-7.138],[-76.025,-7.107],[-76.01,-7.076],[-76.002,-7.046],[-76.005,-7.005],[-76.034,-6.975],[-76.047,-6.951],[-76.052,-6.93],[-76.031,-6.909],[-76.016,-6.898],[-76.038,-6.852],[-76.052,-6.836],[-76.06,-6.814],[-76.043,-6.803],[-76.015,-6.795],[-75.968,-6.793],[-75.887,-6.795],[-75.854,-6.801],[-75.828,-6.824],[-75.793,-6.849],[-75.763,-6.866],[-75.734,-6.877],[-75.71,-6.869],[-75.688,-6.854],[-75.676,-6.84],[-75.571,-6.818],[-75.536,-6.789],[-75.516,-6.756],[-75.526,-6.739],[-75.535,-6.711],[-75.533,-6.687],[-75.536,-6.664],[-75.541,-6.647],[-75.542,-6.622],[-75.549,-6.584],[-75.548,-6.577],[-75.539,-6.552],[-75.537,-6.538],[-75.517,-6.504],[-75.516,-6.479],[-75.524,-6.455],[-75.536,-6.433],[-75.542,-6.409],[-75.551,-6.362],[-75.552,-6.334],[-75.536,-6.31],[-75.497,-6.267],[-75.497,-6.245],[-75.505,-6.208],[-75.526,-6.178],[-75.54,-6.15],[-75.538,-6.116],[-75.541,-6.056],[-75.553,-6.034],[-75.576,-6.025],[-75.592,-6.03],[-75.609,-6.04],[-75.628,-6.062],[-75.667,-6.099],[-75.712,-6.123],[-75.736,-6.128],[-75.766,-6.12],[-75.784,-6.111],[-75.805,-6.11],[-75.83,-6.118],[-75.853,-6.129],[-75.884,-6.13],[-75.917,-6.126],[-75.954,-6.096],[-75.977,-6.082],[-76.019,-6.079],[-76.063,-6.088],[-76.08,-6.101],[-76.103,-6.123],[-76.183,-6.138],[-76.242,-6.127],[-76.276,-6.11],[-76.308,-6.089],[-76.33,-6.063],[-76.343,-6.034],[-76.35,-6.003],[-76.361,-5.981],[-76.375,-5.958],[-76.391,-5.943],[-76.42,-5.94],[-76.453,-5.963],[-76.477,-5.973],[-76.52,-6.0],[-76.539,-6.005],[-76.569,-6.004],[-76.599,-5.999],[-76.638,-5.999],[-76.672,-6.009],[-76.694,-6.021],[-76.712,-6.014],[-76.739,-5.991],[-76.754,-5.969],[-76.771,-5.902],[-76.782,-5.87],[-76.802,-5.819],[-76.812,-5.8],[-76.824,-5.783],[-76.851,-5.768],[-76.879,-5.757],[-76.917,-5.735],[-76.96,-5.713],[-76.995,-5.685],[-77.032,-5.661],[-77.088,-5.627],[-77.12,-5.616],[-77.191,-5.613],[-77.216,-5.6],[-77.247,-5.57],[-77.258,-5.566],[-77.29,-5.579],[-77.311,-5.581],[-77.347,-5.579],[-77.374,-5.569],[-77.392,-5.558],[-77.421,-5.549],[-77.453,-5.547],[-77.477,-5.538],[-77.494,-5.517],[-77.504,-5.487],[-77.519,-5.45],[-77.538,-5.426],[-77.56,-5.418],[-77.582,-5.422],[-77.599,-5.433],[-77.618,-5.435],[-77.63,-5.425],[-77.641,-5.412],[-77.673,-5.401],[-77.698,-5.388],[-77.712,-5.378],[-77.729,-5.387],[-77.738,-5.397],[-77.761,-5.441],[-77.765,-5.463],[-77.759,-5.502],[-77.753,-5.556],[-77.748,-5.593],[-77.751,-5.641],[-77.766,-5.661],[-77.773,-5.677],[-77.784,-5.707],[-77.79,-5.746],[-77.777,-5.787],[-77.759,-5.808],[-77.726,-5.822],[-77.708,-5.827],[-77.688,-5.834],[-77.681,-5.851],[-77.681,-5.875],[-77.677,-5.895],[-77.644,-5.97],[-77.631,-5.988],[-77.588,-6.0],[-77.575,-6.003],[-77.542,-6.024],[-77.521,-6.029],[-77.506,-6.027],[-77.483,-6.014],[-77.462,-6.011],[-77.442,-6.02],[-77.41,-6.03],[-77.385,-6.049],[-77.348,-6.099],[-77.333,-6.109],[-77.32,-6.12],[-77.292,-6.131],[-77.263,-6.133],[-77.237,-6.144],[-77.229,-6.165],[-77.224,-6.189],[-77.211,-6.212],[-77.198,-6.232],[-77.174,-6.249],[-77.163,-6.261],[-77.151,-6.284],[-77.14,-6.296],[-77.133,-6.31],[-77.142,-6.333],[-77.162,-6.359],[-77.177,-6.373],[-77.193,-6.38],[-77.221,-6.36],[-77.233,-6.349],[-77.249,-6.337],[-77.269,-6.33],[-77.284,-6.344],[-77.295,-6.379],[-77.294,-6.401],[-77.319,-6.463],[-77.346,-6.523],[-77.361,-6.547],[-77.38,-6.57],[-77.41,-6.599],[-77.424,-6.617],[-77.417,-6.631],[-77.405,-6.644],[-77.397,-6.655],[-77.392,-6.673],[-77.391,-6.694],[-77.392,-6.715],[-77.408,-6.705],[-77.438,-6.695],[-77.485,-6.694],[-77.5,-6.702],[-77.514,-6.701],[-77.56,-6.641],[-77.592,-6.62],[-77.617,-6.617],[-77.671,-6.62],[-77.711,-6.64],[-77.737,-6.68],[-77.751,-6.727],[-77.746,-6.746],[-77.737,-6.766],[-77.749,-6.785],[-77.756,-6.802],[-77.749,-6.833],[-77.735,-6.856],[-77.723,-6.87],[-77.723,-6.906],[-77.748,-6.93],[-77.774,-6.939],[-77.774,-6.94]]]}},{"type":"Feature","properties":{"depto":"10","nombre_fuente":"Huánuco"},"geometry":{"type":"Polygon","coordinates":[[[-77.322,-8.529],[-77.303,-8.585],[-77.285,-8.629],[-77.267,-8.657],[-77.256,-8.687],[-77.25,-8.726],[-77.236,-8.751],[-77.216,-8.783],[-77.189,-8.831],[-77.175,-8.86],[-77.166,-8.881],[-77.157,-8.898],[-77.133,-8.932],[-77.102,-8.963],[-77.062,-8.991],[-77.032,-9.017],[-76.994,-9.044],[-76.917,-9.081],[-76.862,-9.119],[-76.835,-9.126],[-76.807,-9.138],[-76.787,-9.152],[-76.764,-9.176],[-76.741,-9.216],[-76.734,-9.261],[-76.753,-9.342],[-76.768,-9.356],[-76.833,-9.286],[-76.851,-9.279],[-76.87,-9.295],[-76.879,-9.317],[-76.921,-9.363],[-76.936,-9.388],[-76.95,-9.535],[-76.961,-9.559],[-76.984,-9.585],[-77.034,-9.623],[-77.044,-9.647],[-77.043,-9.674],[-77.019,-9.702],[-76.996,-9.714],[-76.948,-9.73],[-76.924,-9.744],[-76.898,-9.793],[-76.882,-9.843],[-76.869,-9.877],[-76.848,-9.92],[-76.84,-9.95],[-76.835,-9.989],[-76.83,-10.02],[-76.816,-10.047],[-76.828,-10.082],[-76.86,-10.099],[-76.893,-10.119],[-76.919,-10.147],[-76.924,-10.17],[-76.917,-10.211],[-76.905,-10.246],[-76.908,-10.272],[-76.918,-10.286],[-76.901,-10.304],[-76.884,-10.313],[-76.861,-10.362],[-76.842,-10.392],[-76.821,-10.414],[-76.788,-10.443],[-76.76,-10.462],[-76.735,-10.465],[-76.724,-10.466],[-76.632,-10.425],[-76.615,-10.405],[-76.595,-10.399],[-76.569,-10.395],[-76.53,-10.392],[-76.51,-10.376],[-76.498,-10.36],[-76.488,-10.342],[-76.464,-10.329],[-76.402,-10.308],[-76.375,-10.3],[-76.345,-10.306],[-76.32,-10.333],[-76.299,-10.381],[-76.271,-10.395],[-76.252,-10.387],[-76.239,-10.38],[-76.217,-10.383],[-76.197,-10.394],[-76.159,-10.409],[-76.109,-10.433],[-76.05,-10.466],[-76.03,-10.468],[-76.004,-10.483],[-75.987,-10.483],[-75.95,-10.457],[-75.935,-10.428],[-75.928,-10.379],[-75.909,-10.343],[-75.877,-10.31],[-75.844,-10.278],[-75.821,-10.263],[-75.778,-10.253],[-75.735,-10.228],[-75.719,-10.202],[-75.709,-10.152],[-75.692,-10.111],[-75.682,-10.077],[-75.659,-10.043],[-75.637,-10.028],[-75.599,-9.997],[-75.572,-9.981],[-75.502,-9.981],[-75.448,-9.955],[-75.417,-9.924],[-75.4,-9.902],[-75.374,-9.885],[-75.338,-9.873],[-75.309,-9.869],[-75.29,-9.823],[-75.279,-9.8],[-75.259,-9.784],[-75.238,-9.783],[-75.187,-9.82],[-75.141,-9.841],[-75.097,-9.838],[-75.063,-9.83],[-75.044,-9.821],[-75.018,-9.832],[-74.985,-9.815],[-74.952,-9.784],[-74.927,-9.754],[-74.909,-9.743],[-74.836,-9.729],[-74.805,-9.7],[-74.797,-9.672],[-74.786,-9.651],[-74.769,-9.625],[-74.756,-9.591],[-74.743,-9.568],[-74.741,-9.524],[-74.732,-9.492],[-74.703,-9.456],[-74.678,-9.431],[-74.668,-9.422],[-74.659,-9.388],[-74.638,-9.369],[-74.603,-9.327],[-74.594,-9.301],[-74.6,-9.266],[-74.608,-9.242],[-74.623,-9.212],[-74.628,-9.17],[-74.628,-9.141],[-74.646,-9.113],[-74.661,-9.079],[-74.658,-9.056],[-74.642,-9.029],[-74.637,-9.015],[-74.643,-8.994],[-74.657,-8.967],[-74.656,-8.946],[-74.644,-8.927],[-74.628,-8.872],[-74.612,-8.839],[-74.591,-8.81],[-74.548,-8.791],[-74.531,-8.776],[-74.517,-8.755],[-74.502,-8.726],[-74.501,-8.704],[-74.515,-8.677],[-74.534,-8.655],[-74.57,-8.625],[-74.592,-8.613],[-74.637,-8.61],[-74.666,-8.614],[-74.693,-8.628],[-74.727,-8.626],[-74.763,-8.613],[-74.791,-8.619],[-74.82,-8.659],[-74.836,-8.686],[-74.848,-8.749],[-74.853,-8.761],[-74.879,-8.792],[-74.897,-8.809],[-74.906,-8.831],[-74.914,-8.866],[-74.917,-8.893],[-74.935,-8.925],[-74.956,-8.946],[-74.982,-8.931],[-74.999,-8.915],[-75.041,-8.904],[-75.084,-8.916],[-75.109,-8.943],[-75.132,-8.972],[-75.153,-9.03],[-75.165,-9.096],[-75.187,-9.144],[-75.208,-9.178],[-75.22,-9.221],[-75.236,-9.26],[-75.257,-9.285],[-75.294,-9.302],[-75.317,-9.31],[-75.342,-9.3],[-75.364,-9.294],[-75.381,-9.302],[-75.406,-9.299],[-75.435,-9.311],[-75.454,-9.326],[-75.466,-9.351],[-75.488,-9.371],[-75.512,-9.386],[-75.542,-9.393],[-75.576,-9.408],[-75.598,-9.407],[-75.635,-9.391],[-75.683,-9.337],[-75.712,-9.291],[-75.745,-9.224],[-75.775,-9.193],[-75.87,-9.026],[-75.9,-8.933],[-75.921,-8.817],[-75.928,-8.762],[-75.954,-8.701],[-75.955,-8.701],[-75.968,-8.677],[-75.977,-8.645],[-75.978,-8.616],[-75.974,-8.586],[-75.966,-8.552],[-75.963,-8.514],[-75.963,-8.466],[-75.961,-8.435],[-75.958,-8.416],[-75.959,-8.387],[-75.968,-8.363],[-75.978,-8.347],[-75.994,-8.323],[-76.003,-8.314],[-76.004,-8.314],[-76.046,-8.323],[-76.072,-8.331],[-76.089,-8.343],[-76.11,-8.382],[-76.119,-8.409],[-76.122,-8.444],[-76.134,-8.522],[-76.135,-8.556],[-76.125,-8.586],[-76.118,-8.615],[-76.118,-8.651],[-76.134,-8.675],[-76.143,-8.7],[-76.156,-8.724],[-76.173,-8.744],[-76.201,-8.764],[-76.225,-8.778],[-76.244,-8.785],[-76.24,-8.731],[-76.255,-8.707],[-76.271,-8.67],[-76.272,-8.618],[-76.278,-8.596],[-76.29,-8.557],[-76.307,-8.515],[-76.324,-8.466],[-76.342,-8.436],[-76.357,-8.421],[-76.378,-8.416],[-76.413,-8.431],[-76.448,-8.483],[-76.459,-8.533],[-76.47,-8.553],[-76.478,-8.579],[-76.489,-8.594],[-76.502,-8.594],[-76.497,-8.564],[-76.512,-8.534],[-76.54,-8.502],[-76.574,-8.495],[-76.605,-8.505],[-76.62,-8.517],[-76.646,-8.528],[-76.713,-8.527],[-76.767,-8.516],[-76.803,-8.52],[-76.833,-8.531],[-76.859,-8.549],[-76.89,-8.56],[-76.934,-8.565],[-76.97,-8.557],[-77.034,-8.537],[-77.067,-8.52],[-77.085,-8.504],[-77.128,-8.458],[-77.137,-8.465],[-77.183,-8.478],[-77.217,-8.482],[-77.243,-8.472],[-77.265,-8.468],[-77.285,-8.484],[-77.296,-8.512],[-77.322,-8.529],[-77.322,-8.529]]]}},{"type":"Feature","properties":{"depto":"19","nombre_fuente":"Pasco"},"geometry":{"type":"Polygon","coordinates":[[[-76.735,-10.465],[-76.737,-10.501],[-76.73,-10.525],[-76.717,-10.552],[-76.684,-10.599],[-76.672,-10.625],[-76.661,-10.656],[-76.657,-10.691],[-76.65,-10.736],[-76.632,-10.776],[-76.599,-10.843],[-76.591,-10.877],[-76.589,-10.912],[-76.562,-10.946],[-76.58,-10.981],[-76.58,-10.994],[-76.56,-11.016],[-76.541,-11.041],[-76.529,-11.065],[-76.497,-11.084],[-76.493,-11.085],[-76.465,-11.091],[-76.359,-11.09],[-76.343,-11.095],[-76.326,-11.106],[-76.31,-11.125],[-76.279,-11.152],[-76.26,-11.154],[-76.238,-11.126],[-76.241,-11.075],[-76.255,-11.034],[-76.272,-10.998],[-76.278,-10.962],[-76.263,-10.927],[-76.243,-10.92],[-76.181,-10.952],[-76.142,-10.95],[-76.116,-10.939],[-76.056,-10.884],[-76.04,-10.873],[-76.027,-10.857],[-76.016,-10.84],[-76.004,-10.83],[-75.993,-10.833],[-75.979,-10.844],[-75.96,-10.863],[-75.941,-10.872],[-75.916,-10.872],[-75.895,-10.866],[-75.875,-10.873],[-75.852,-10.879],[-75.828,-10.87],[-75.805,-10.85],[-75.77,-10.829],[-75.736,-10.814],[-75.712,-10.818],[-75.687,-10.83],[-75.651,-10.833],[-75.604,-10.817],[-75.58,-10.796],[-75.574,-10.757],[-75.552,-10.745],[-75.518,-10.747],[-75.496,-10.754],[-75.482,-10.765],[-75.477,-10.775],[-75.475,-10.797],[-75.484,-10.824],[-75.493,-10.838],[-75.492,-10.859],[-75.478,-10.88],[-75.42,-10.879],[-75.39,-10.872],[-75.375,-10.86],[-75.36,-10.86],[-75.339,-10.873],[-75.301,-10.867],[-75.28,-10.84],[-75.262,-10.802],[-75.23,-10.749],[-75.216,-10.73],[-75.199,-10.72],[-75.193,-10.719],[-75.173,-10.725],[-75.151,-10.729],[-75.118,-10.724],[-75.101,-10.702],[-75.082,-10.682],[-75.061,-10.665],[-75.031,-10.669],[-75.009,-10.69],[-74.985,-10.729],[-74.947,-10.741],[-74.925,-10.757],[-74.913,-10.763],[-74.903,-10.763],[-74.879,-10.753],[-74.858,-10.757],[-74.823,-10.785],[-74.801,-10.813],[-74.778,-10.828],[-74.744,-10.844],[-74.713,-10.862],[-74.69,-10.878],[-74.662,-10.882],[-74.637,-10.889],[-74.616,-10.904],[-74.577,-10.912],[-74.533,-10.909],[-74.532,-10.909],[-74.493,-10.884],[-74.467,-10.857],[-74.42,-10.813],[-74.361,-10.769],[-74.336,-10.744],[-74.307,-10.724],[-74.287,-10.698],[-74.262,-10.676],[-74.238,-10.651],[-74.227,-10.645],[-74.19,-10.643],[-74.172,-10.645],[-74.156,-10.652],[-74.145,-10.66],[-74.136,-10.661],[-74.13,-10.649],[-74.126,-10.598],[-74.146,-10.552],[-74.166,-10.516],[-74.191,-10.476],[-74.235,-10.432],[-74.262,-10.427],[-74.277,-10.387],[-74.267,-10.357],[-74.242,-10.313],[-74.236,-10.277],[-74.239,-10.236],[-74.252,-10.208],[-74.28,-10.176],[-74.325,-10.138],[-74.346,-10.114],[-74.367,-10.074],[-74.406,-9.965],[-74.425,-9.876],[-74.441,-9.836],[-74.448,-9.77],[-74.455,-9.735],[-74.478,-9.655],[-74.497,-9.62],[-74.523,-9.596],[-74.548,-9.579],[-74.574,-9.541],[-74.575,-9.506],[-74.589,-9.478],[-74.621,-9.459],[-74.678,-9.431],[-74.703,-9.456],[-74.732,-9.492],[-74.741,-9.524],[-74.743,-9.568],[-74.756,-9.591],[-74.769,-9.625],[-74.786,-9.651],[-74.797,-9.672],[-74.805,-9.7],[-74.836,-9.729],[-74.909,-9.743],[-74.927,-9.754],[-74.952,-9.784],[-74.985,-9.815],[-75.018,-9.832],[-75.044,-9.821],[-75.063,-9.83],[-75.097,-9.838],[-75.141,-9.841],[-75.187,-9.82],[-75.238,-9.783],[-75.259,-9.784],[-75.279,-9.8],[-75.29,-9.823],[-75.309,-9.869],[-75.338,-9.873],[-75.374,-9.885],[-75.4,-9.902],[-75.417,-9.924],[-75.448,-9.955],[-75.502,-9.981],[-75.572,-9.981],[-75.599,-9.997],[-75.637,-10.028],[-75.659,-10.043],[-75.682,-10.077],[-75.692,-10.111],[-75.709,-10.152],[-75.719,-10.202],[-75.735,-10.228],[-75.778,-10.253],[-75.821,-10.263],[-75.844,-10.278],[-75.877,-10.31],[-75.909,-10.343],[-75.928,-10.379],[-75.935,-10.428],[-75.95,-10.457],[-75.987,-10.483],[-76.004,-10.483],[-76.03,-10.468],[-76.05,-10.466],[-76.109,-10.433],[-76.159,-10.409],[-76.197,-10.394],[-76.217,-10.383],[-76.239,-10.38],[-76.252,-10.387],[-76.271,-10.395],[-76.299,-10.381],[-76.32,-10.333],[-76.345,-10.306],[-76.375,-10.3],[-76.402,-10.308],[-76.464,-10.329],[-76.488,-10.342],[-76.498,-10.36],[-76.51,-10.376],[-76.53,-10.392],[-76.569,-10.395],[-76.595,-10.399],[-76.615,-10.405],[-76.632,-10.425],[-76.724,-10.466],[-76.735,-10.465]]]}},{"type":"Feature","properties":{"depto":"15","nombre_fuente":"Lima"},"geometry":{"type":"Polygon","coordinates":[[[-77.9,-10.593],[-77.877,-10.635],[-77.86,-10.65],[-77.829,-10.687],[-77.808,-10.719],[-77.791,-10.738],[-77.731,-10.844],[-77.709,-10.874],[-77.688,-10.911],[-77.658,-10.977],[-77.647,-11.032],[-77.635,-11.085],[-77.613,-11.127],[-77.595,-11.166],[-77.6,-11.209],[-77.614,-11.23],[-77.635,-11.242],[-77.641,-11.261],[-77.639,-11.292],[-77.631,-11.314],[-77.599,-11.337],[-77.43,-11.422],[-77.401,-11.441],[-77.375,-11.462],[-77.337,-11.496],[-77.296,-11.543],[-77.279,-11.586],[-77.244,-11.64],[-77.221,-11.679],[-77.207,-11.692],[-77.17,-11.671],[-77.138,-11.643],[-77.119,-11.624],[-77.103,-11.6],[-77.079,-11.583],[-77.062,-11.583],[-77.036,-11.596],[-77.024,-11.623],[-77.022,-11.664],[-77.007,-11.688],[-76.987,-11.709],[-76.973,-11.727],[-76.946,-11.738],[-76.845,-11.754],[-76.835,-11.774],[-76.845,-11.796],[-76.895,-11.83],[-76.924,-11.846],[-76.917,-11.879],[-76.911,-11.896],[-76.914,-11.927],[-76.931,-11.95],[-76.907,-11.967],[-76.877,-11.958],[-76.838,-11.941],[-76.815,-11.924],[-76.785,-11.923],[-76.736,-11.899],[-76.714,-11.898],[-76.694,-11.924],[-76.669,-11.937],[-76.663,-11.967],[-76.667,-11.985],[-76.704,-12.012],[-76.711,-12.027],[-76.691,-12.051],[-76.702,-12.078],[-76.709,-12.11],[-76.697,-12.136],[-76.67,-12.172],[-76.66,-12.191],[-76.646,-12.212],[-76.633,-12.237],[-76.632,-12.277],[-76.681,-12.348],[-76.691,-12.371],[-76.715,-12.401],[-76.782,-12.419],[-76.776,-12.448],[-76.803,-12.471],[-76.805,-12.501],[-76.744,-12.564],[-76.707,-12.594],[-76.681,-12.63],[-76.628,-12.747],[-76.61,-12.777],[-76.56,-12.815],[-76.532,-12.853],[-76.515,-12.888],[-76.506,-12.921],[-76.51,-12.974],[-76.497,-13.005],[-76.463,-13.074],[-76.419,-13.122],[-76.335,-13.227],[-76.292,-13.277],[-76.265,-13.303],[-76.243,-13.333],[-76.227,-13.318],[-76.193,-13.277],[-76.166,-13.228],[-76.146,-13.2],[-76.121,-13.178],[-76.014,-13.094],[-75.971,-13.048],[-75.943,-13.006],[-75.916,-13.009],[-75.894,-13.021],[-75.828,-13.046],[-75.8,-13.062],[-75.777,-13.058],[-75.75,-13.037],[-75.721,-13.05],[-75.71,-13.056],[-75.695,-13.066],[-75.665,-13.064],[-75.652,-13.052],[-75.623,-13.011],[-75.612,-12.979],[-75.615,-12.957],[-75.634,-12.916],[-75.62,-12.896],[-75.605,-12.877],[-75.578,-12.854],[-75.531,-12.821],[-75.522,-12.797],[-75.527,-12.782],[-75.541,-12.764],[-75.553,-12.742],[-75.567,-12.721],[-75.578,-12.656],[-75.578,-12.647],[-75.578,-12.631],[-75.572,-12.6],[-75.566,-12.57],[-75.554,-12.547],[-75.54,-12.53],[-75.538,-12.505],[-75.541,-12.478],[-75.547,-12.461],[-75.561,-12.439],[-75.571,-12.416],[-75.568,-12.4],[-75.551,-12.386],[-75.546,-12.373],[-75.565,-12.347],[-75.61,-12.295],[-75.662,-12.206],[-75.665,-12.191],[-75.649,-12.177],[-75.643,-12.15],[-75.646,-12.132],[-75.661,-12.107],[-75.679,-12.084],[-75.702,-12.067],[-75.73,-12.059],[-75.764,-12.053],[-75.818,-12.028],[-75.847,-12.018],[-75.892,-12.0],[-75.936,-11.991],[-75.982,-11.99],[-76.015,-11.986],[-76.035,-11.971],[-76.047,-11.944],[-76.065,-11.896],[-76.074,-11.88],[-76.096,-11.85],[-76.119,-11.827],[-76.138,-11.794],[-76.162,-11.774],[-76.189,-11.745],[-76.201,-11.715],[-76.201,-11.685],[-76.197,-11.656],[-76.198,-11.624],[-76.211,-11.597],[-76.227,-11.586],[-76.25,-11.578],[-76.289,-11.591],[-76.301,-11.585],[-76.33,-11.561],[-76.345,-11.544],[-76.366,-11.515],[-76.377,-11.492],[-76.392,-11.453],[-76.417,-11.379],[-76.435,-11.352],[-76.452,-11.337],[-76.464,-11.322],[-76.473,-11.296],[-76.486,-11.271],[-76.495,-11.22],[-76.504,-11.195],[-76.511,-11.166],[-76.515,-11.138],[-76.51,-11.114],[-76.505,-11.102],[-76.493,-11.085],[-76.497,-11.084],[-76.529,-11.065],[-76.541,-11.041],[-76.56,-11.016],[-76.58,-10.994],[-76.58,-10.981],[-76.562,-10.946],[-76.589,-10.912],[-76.591,-10.877],[-76.599,-10.843],[-76.632,-10.776],[-76.65,-10.736],[-76.657,-10.691],[-76.661,-10.656],[-76.672,-10.625],[-76.684,-10.599],[-76.717,-10.552],[-76.73,-10.525],[-76.737,-10.501],[-76.735,-10.465],[-76.76,-10.462],[-76.788,-10.443],[-76.821,-10.414],[-76.842,-10.392],[-76.861,-10.362],[-76.884,-10.313],[-76.901,-10.304],[-76.918,-10.286],[-76.922,-10.291],[-76.948,-10.291],[-76.994,-10.296],[-77.022,-10.313],[-77.042,-10.335],[-77.064,-10.351],[-77.081,-10.368],[-77.117,-10.407],[-77.176,-10.488],[-77.195,-10.529],[-77.208,-10.538],[-77.234,-10.55],[-77.292,-10.564],[-77.326,-10.584],[-77.356,-10.62],[-77.37,-10.642],[-77.392,-10.669],[-77.403,-10.703],[-77.416,-10.719],[-77.437,-10.734],[-77.46,-10.74],[-77.527,-10.746],[-77.584,-10.769],[-77.599,-10.763],[-77.585,-10.723],[-77.581,-10.688],[-77.589,-10.646],[-77.588,-10.617],[-77.61,-10.605],[-77.627,-10.589],[-77.655,-10.534],[-77.735,-10.547],[-77.725,-10.513],[-77.698,-10.462],[-77.667,-10.441],[-77.63,-10.403],[-77.612,-10.372],[-77.612,-10.341],[-77.647,-10.327],[-77.722,-10.321],[-77.758,-10.339],[-77.774,-10.387],[-77.764,-10.417],[-77.774,-10.445],[-77.787,-10.473],[-77.786,-10.516],[-77.782,-10.543],[-77.795,-10.571],[-77.869,-10.578],[-77.9,-10.593]]]}},{"type":"Feature","properties":{"depto":"07","nombre_fuente":"El Callao"},"geometry":{"type":"MultiPolygon","coordinates":[[[[-77.171,-12.145],[-77.172,-12.137],[-77.177,-12.131],[-77.194,-12.138],[-77.184,-12.147],[-77.171,-12.145]]],[[[-77.198,-12.122],[-77.207,-12.11],[-77.218,-12.099],[-77.237,-12.085],[-77.26,-12.079],[-77.267,-12.085],[-77.217,-12.129],[-77.203,-12.132],[-77.198,-12.122]]],[[[-77.116,-12.08],[-77.083,-12.026],[-77.104,-11.985],[-77.118,-11.946],[-77.116,-11.927],[-77.099,-11.911],[-77.094,-11.89],[-77.1,-11.865],[-77.113,-11.842],[-77.127,-11.822],[-77.171,-11.817],[-77.196,-11.83],[-77.176,-11.862],[-77.152,-11.917],[-77.126,-11.982],[-77.13,-12.009],[-77.166,-12.063],[-77.157,-12.074],[-77.135,-12.068],[-77.116,-12.08]]]]}},{"type":"Feature","properties":{"depto":"15","nombre_fuente":"Municipalidad Metropolitana de Lima"},"geometry":{"type":"Polygon","coordinates":[[[-77.207,-11.692],[-77.193,-11.703],[-77.175,-11.732],[-77.178,-11.765],[-77.195,-11.773],[-77.199,-11.825],[-77.196,-11.83],[-77.171,-11.817],[-77.127,-11.822],[-77.113,-11.842],[-77.1,-11.865],[-77.094,-11.89],[-77.099,-11.911],[-77.116,-11.927],[-77.118,-11.946],[-77.104,-11.985],[-77.083,-12.026],[-77.116,-12.08],[-77.105,-12.088],[-77.04,-12.138],[-77.049,-12.181],[-77.022,-12.224],[-76.988,-12.23],[-76.951,-12.258],[-76.922,-12.277],[-76.893,-12.304],[-76.834,-12.346],[-76.784,-12.407],[-76.782,-12.419],[-76.715,-12.401],[-76.691,-12.371],[-76.681,-12.348],[-76.632,-12.277],[-76.633,-12.237],[-76.646,-12.212],[-76.66,-12.191],[-76.67,-12.172],[-76.697,-12.136],[-76.709,-12.11],[-76.702,-12.078],[-76.691,-12.051],[-76.711,-12.027],[-76.704,-12.012],[-76.667,-11.985],[-76.663,-11.967],[-76.669,-11.937],[-76.694,-11.924],[-76.714,-11.898],[-76.736,-11.899],[-76.785,-11.923],[-76.815,-11.924],[-76.838,-11.941],[-76.877,-11.958],[-76.907,-11.967],[-76.931,-11.95],[-76.914,-11.927],[-76.911,-11.896],[-76.917,-11.879],[-76.924,-11.846],[-76.895,-11.83],[-76.845,-11.796],[-76.835,-11.774],[-76.845,-11.754],[-76.946,-11.738],[-76.973,-11.727],[-76.987,-11.709],[-77.007,-11.688],[-77.022,-11.664],[-77.024,-11.623],[-77.036,-11.596],[-77.062,-11.583],[-77.079,-11.583],[-77.103,-11.6],[-77.119,-11.624],[-77.138,-11.643],[-77.17,-11.671],[-77.207,-11.692]]]}},{"type":"Feature","properties":{"depto":"25","nombre_fuente":"Ucayali"},"geometry":{"type":"Polygon","coordinates":[[[-74.678,-9.431],[-74.621,-9.459],[-74.589,-9.478],[-74.575,-9.506],[-74.574,-9.541],[-74.548,-9.579],[-74.523,-9.596],[-74.497,-9.62],[-74.478,-9.655],[-74.455,-9.735],[-74.448,-9.77],[-74.441,-9.836],[-74.425,-9.876],[-74.406,-9.965],[-74.367,-10.074],[-74.346,-10.114],[-74.325,-10.138],[-74.28,-10.176],[-74.252,-10.208],[-74.239,-10.236],[-74.236,-10.277],[-74.242,-10.313],[-74.267,-10.357],[-74.277,-10.387],[-74.262,-10.427],[-74.235,-10.432],[-74.191,-10.476],[-74.166,-10.516],[-74.146,-10.552],[-74.126,-10.598],[-74.13,-10.649],[-74.136,-10.661],[-74.145,-10.66],[-74.156,-10.652],[-74.172,-10.645],[-74.19,-10.643],[-74.227,-10.645],[-74.238,-10.651],[-74.262,-10.676],[-74.287,-10.698],[-74.307,-10.724],[-74.336,-10.744],[-74.361,-10.769],[-74.42,-10.813],[-74.467,-10.857],[-74.493,-10.884],[-74.532,-10.909],[-74.511,-10.93],[-74.493,-10.944],[-74.465,-10.973],[-74.441,-10.993],[-74.403,-11.038],[-74.372,-11.055],[-74.32,-11.054],[-74.304,-11.041],[-74.227,-11.026],[-74.161,-10.997],[-74.127,-10.99],[-74.097,-10.989],[-74.063,-10.985],[-74.032,-10.992],[-74.013,-11.002],[-73.998,-11.023],[-73.989,-11.042],[-73.986,-11.065],[-73.965,-11.134],[-73.952,-11.145],[-73.928,-11.159],[-73.889,-11.178],[-73.873,-11.168],[-73.86,-11.14],[-73.855,-11.109],[-73.852,-10.982],[-73.841,-10.956],[-73.822,-10.941],[-73.818,-10.896],[-73.818,-10.851],[-73.805,-10.817],[-73.79,-10.794],[-73.78,-10.773],[-73.755,-10.751],[-73.738,-10.747],[-73.715,-10.752],[-73.696,-10.766],[-73.621,-10.834],[-73.593,-10.854],[-73.579,-10.872],[-73.57,-10.916],[-73.572,-10.948],[-73.566,-10.971],[-73.552,-10.995],[-73.541,-11.026],[-73.518,-11.051],[-73.502,-11.061],[-73.476,-11.085],[-73.47,-11.107],[-73.469,-11.155],[-73.462,-11.186],[-73.452,-11.214],[-73.446,-11.25],[-73.45,-11.281],[-73.467,-11.319],[-73.462,-11.35],[-73.438,-11.371],[-73.425,-11.372],[-73.415,-11.372],[-73.374,-11.35],[-73.349,-11.332],[-73.306,-11.307],[-73.274,-11.302],[-73.261,-11.307],[-73.227,-11.308],[-73.141,-11.3],[-73.105,-11.292],[-73.077,-11.275],[-73.043,-11.265],[-73.016,-11.254],[-73.003,-11.245],[-72.988,-11.238],[-72.97,-11.24],[-72.957,-11.253],[-72.951,-11.268],[-72.945,-11.293],[-72.934,-11.323],[-72.917,-11.335],[-72.901,-11.353],[-72.873,-11.36],[-72.806,-11.385],[-72.788,-11.381],[-72.732,-11.363],[-72.698,-11.365],[-72.674,-11.386],[-72.635,-11.412],[-72.617,-11.421],[-72.587,-11.431],[-72.549,-11.436],[-72.517,-11.428],[-72.434,-11.373],[-72.406,-11.357],[-72.384,-11.342],[-72.352,-11.325],[-72.32,-11.321],[-72.29,-11.301],[-72.275,-11.304],[-72.257,-11.314],[-72.245,-11.32],[-72.239,-11.323],[-72.223,-11.309],[-72.208,-11.287],[-72.194,-11.222],[-72.178,-11.201],[-72.124,-11.136],[-72.121,-11.116],[-72.168,-11.055],[-72.169,-11.032],[-72.144,-10.995],[-72.124,-10.986],[-72.107,-10.991],[-72.089,-10.999],[-72.07,-11.003],[-72.046,-10.998],[-72.016,-10.98],[-71.988,-10.956],[-71.947,-10.947],[-71.869,-10.957],[-71.857,-10.965],[-71.825,-10.982],[-71.455,-10.985],[-71.41,-10.962],[-71.37,-10.954],[-71.323,-10.947],[-71.3,-10.931],[-71.273,-10.892],[-71.251,-10.857],[-71.233,-10.823],[-71.223,-10.794],[-71.224,-10.687],[-71.193,-10.635],[-71.151,-10.575],[-71.066,-10.511],[-70.889,-10.362],[-70.839,-10.31],[-70.832,-10.117],[-70.692,-9.979],[-70.623,-9.95],[-70.623,-9.836],[-70.613,-9.818],[-70.573,-9.781],[-70.565,-9.776],[-70.535,-9.764],[-70.524,-9.75],[-70.524,-9.716],[-70.522,-9.69],[-70.533,-9.67],[-70.545,-9.656],[-70.555,-9.641],[-70.567,-9.632],[-70.586,-9.613],[-70.59,-9.59],[-70.578,-9.567],[-70.57,-9.557],[-70.538,-9.531],[-70.506,-9.502],[-70.494,-9.479],[-70.49,-9.439],[-70.499,-9.427],[-70.534,-9.424],[-70.56,-9.425],[-70.6,-9.459],[-70.619,-9.48],[-70.652,-9.523],[-70.714,-9.557],[-70.775,-9.623],[-70.802,-9.642],[-70.844,-9.664],[-70.865,-9.683],[-70.879,-9.705],[-70.898,-9.725],[-70.92,-9.732],[-70.942,-9.745],[-70.956,-9.772],[-70.973,-9.794],[-70.998,-9.806],[-71.033,-9.825],[-71.115,-9.857],[-71.14,-9.875],[-71.158,-9.907],[-71.204,-9.964],[-71.238,-9.98],[-71.272,-9.99],[-71.298,-9.996],[-71.314,-9.974],[-71.338,-9.972],[-71.352,-9.995],[-71.365,-10.012],[-72.134,-10.009],[-72.154,-9.97],[-72.16,-9.924],[-72.145,-9.877],[-72.142,-9.85],[-72.145,-9.815],[-72.156,-9.798],[-72.189,-9.778],[-72.22,-9.772],[-72.251,-9.74],[-72.251,-9.724],[-72.243,-9.7],[-72.241,-9.657],[-72.253,-9.628],[-72.274,-9.607],[-72.28,-9.578],[-72.281,-9.563],[-72.293,-9.544],[-72.319,-9.538],[-72.342,-9.515],[-72.385,-9.491],[-72.426,-9.487],[-72.456,-9.493],[-72.499,-9.49],[-72.546,-9.463],[-72.581,-9.454],[-72.63,-9.45],[-72.67,-9.433],[-72.695,-9.425],[-72.731,-9.419],[-73.188,-9.419],[-73.186,-9.399],[-73.178,-9.367],[-73.146,-9.328],[-73.117,-9.303],[-73.097,-9.28],[-73.07,-9.231],[-73.021,-9.202],[-72.978,-9.169],[-72.951,-9.128],[-72.941,-9.079],[-72.942,-9.023],[-72.954,-8.981],[-72.98,-8.947],[-73.005,-8.921],[-73.035,-8.896],[-73.059,-8.87],[-73.08,-8.839],[-73.12,-8.785],[-73.141,-8.75],[-73.153,-8.72],[-73.18,-8.696],[-73.213,-8.688],[-73.257,-8.682],[-73.28,-8.669],[-73.304,-8.641],[-73.326,-8.6],[-73.325,-8.532],[-73.342,-8.486],[-73.391,-8.453],[-73.424,-8.422],[-73.454,-8.397],[-73.476,-8.387],[-73.519,-8.358],[-73.527,-8.343],[-73.546,-8.283],[-73.565,-8.251],[-73.587,-8.22],[-73.575,-8.193],[-73.6,-8.124],[-73.621,-8.079],[-73.678,-7.988],[-73.7,-7.958],[-73.745,-7.926],[-73.758,-7.888],[-73.754,-7.879],[-73.737,-7.865],[-73.705,-7.852],[-73.679,-7.828],[-73.681,-7.789],[-73.699,-7.762],[-73.716,-7.747],[-73.752,-7.729],[-73.779,-7.722],[-73.812,-7.709],[-73.845,-7.667],[-73.9,-7.618],[-73.924,-7.601],[-73.954,-7.575],[-73.975,-7.544],[-73.974,-7.542],[-74.037,-7.483],[-74.081,-7.464],[-74.163,-7.452],[-74.208,-7.44],[-74.262,-7.383],[-74.317,-7.353],[-74.394,-7.302],[-74.452,-7.279],[-74.484,-7.282],[-74.509,-7.293],[-74.529,-7.31],[-74.557,-7.343],[-74.624,-7.485],[-74.639,-7.511],[-74.649,-7.55],[-74.628,-7.578],[-74.574,-7.64],[-74.569,-7.671],[-74.567,-7.692],[-74.549,-7.725],[-74.528,-7.752],[-74.536,-7.78],[-74.558,-7.806],[-74.642,-7.924],[-74.68,-7.964],[-74.711,-7.974],[-74.737,-7.997],[-74.794,-8.005],[-74.839,-8.015],[-74.867,-8.026],[-74.894,-8.009],[-74.917,-8.002],[-74.989,-7.993],[-75.006,-7.982],[-75.029,-7.976],[-75.061,-7.977],[-75.09,-7.983],[-75.121,-7.999],[-75.147,-8.007],[-75.171,-8.012],[-75.213,-8.069],[-75.224,-8.101],[-75.235,-8.126],[-75.258,-8.137],[-75.305,-8.119],[-75.325,-8.124],[-75.361,-8.146],[-75.396,-8.155],[-75.421,-8.173],[-75.471,-8.22],[-75.484,-8.229],[-75.516,-8.27],[-75.522,-8.289],[-75.514,-8.31],[-75.497,-8.331],[-75.474,-8.355],[-75.45,-8.39],[-75.447,-8.417],[-75.461,-8.435],[-75.482,-8.436],[-75.501,-8.425],[-75.527,-8.416],[-75.572,-8.405],[-75.613,-8.399],[-75.647,-8.402],[-75.662,-8.409],[-75.695,-8.436],[-75.712,-8.454],[-75.722,-8.471],[-75.753,-8.488],[-75.767,-8.499],[-75.777,-8.521],[-75.794,-8.583],[-75.828,-8.632],[-75.882,-8.673],[-75.925,-8.696],[-75.954,-8.701],[-75.928,-8.762],[-75.921,-8.817],[-75.9,-8.933],[-75.87,-9.026],[-75.775,-9.193],[-75.745,-9.224],[-75.712,-9.291],[-75.683,-9.337],[-75.635,-9.391],[-75.598,-9.407],[-75.576,-9.408],[-75.542,-9.393],[-75.512,-9.386],[-75.488,-9.371],[-75.466,-9.351],[-75.454,-9.326],[-75.435,-9.311],[-75.406,-9.299],[-75.381,-9.302],[-75.364,-9.294],[-75.342,-9.3],[-75.317,-9.31],[-75.294,-9.302],[-75.257,-9.285],[-75.236,-9.26],[-75.22,-9.221],[-75.208,-9.178],[-75.187,-9.144],[-75.165,-9.096],[-75.153,-9.03],[-75.132,-8.972],[-75.109,-8.943],[-75.084,-8.916],[-75.041,-8.904],[-74.999,-8.915],[-74.982,-8.931],[-74.956,-8.946],[-74.935,-8.925],[-74.917,-8.893],[-74.914,-8.866],[-74.906,-8.831],[-74.897,-8.809],[-74.879,-8.792],[-74.853,-8.761],[-74.848,-8.749],[-74.836,-8.686],[-74.82,-8.659],[-74.791,-8.619],[-74.763,-8.613],[-74.727,-8.626],[-74.693,-8.628],[-74.666,-8.614],[-74.637,-8.61],[-74.592,-8.613],[-74.57,-8.625],[-74.534,-8.655],[-74.515,-8.677],[-74.501,-8.704],[-74.502,-8.726],[-74.517,-8.755],[-74.531,-8.776],[-74.548,-8.791],[-74.591,-8.81],[-74.612,-8.839],[-74.628,-8.872],[-74.644,-8.927],[-74.656,-8.946],[-74.657,-8.967],[-74.643,-8.994],[-74.637,-9.015],[-74.642,-9.029],[-74.658,-9.056],[-74.661,-9.079],[-74.646,-9.113],[-74.628,-9.141],[-74.628,-9.17],[-74.623,-9.212],[-74.608,-9.242],[-74.6,-9.266],[-74.594,-9.301],[-74.603,-9.327],[-74.638,-9.369],[-74.659,-9.388],[-74.668,-9.422],[-74.678,-9.431]]]}},{"type":"Feature","properties":{"depto":"12","nombre_fuente":"Junín"},"geometry":{"type":"Polygon","coordinates":[[[-76.493,-11.085],[-76.505,-11.102],[-76.51,-11.114],[-76.515,-11.138],[-76.511,-11.166],[-76.504,-11.195],[-76.495,-11.22],[-76.486,-11.271],[-76.473,-11.296],[-76.464,-11.322],[-76.452,-11.337],[-76.435,-11.352],[-76.417,-11.379],[-76.392,-11.453],[-76.377,-11.492],[-76.366,-11.515],[-76.345,-11.544],[-76.33,-11.561],[-76.301,-11.585],[-76.289,-11.591],[-76.25,-11.578],[-76.227,-11.586],[-76.211,-11.597],[-76.198,-11.624],[-76.197,-11.656],[-76.201,-11.685],[-76.201,-11.715],[-76.189,-11.745],[-76.162,-11.774],[-76.138,-11.794],[-76.119,-11.827],[-76.096,-11.85],[-76.074,-11.88],[-76.065,-11.896],[-76.047,-11.944],[-76.035,-11.971],[-76.015,-11.986],[-75.982,-11.99],[-75.936,-11.991],[-75.892,-12.0],[-75.847,-12.018],[-75.818,-12.028],[-75.764,-12.053],[-75.73,-12.059],[-75.702,-12.067],[-75.679,-12.084],[-75.661,-12.107],[-75.646,-12.132],[-75.643,-12.15],[-75.649,-12.177],[-75.665,-12.191],[-75.662,-12.206],[-75.61,-12.295],[-75.565,-12.347],[-75.546,-12.373],[-75.551,-12.386],[-75.568,-12.4],[-75.571,-12.416],[-75.561,-12.439],[-75.547,-12.461],[-75.541,-12.478],[-75.538,-12.505],[-75.54,-12.53],[-75.554,-12.547],[-75.566,-12.57],[-75.572,-12.6],[-75.578,-12.631],[-75.578,-12.647],[-75.541,-12.646],[-75.505,-12.65],[-75.472,-12.67],[-75.462,-12.666],[-75.438,-12.638],[-75.417,-12.607],[-75.382,-12.581],[-75.354,-12.555],[-75.326,-12.523],[-75.303,-12.501],[-75.272,-12.48],[-75.235,-12.469],[-75.224,-12.448],[-75.212,-12.42],[-75.187,-12.385],[-75.175,-12.38],[-75.156,-12.39],[-75.144,-12.393],[-75.14,-12.368],[-75.127,-12.352],[-75.115,-12.317],[-75.051,-12.216],[-75.052,-12.19],[-75.069,-12.171],[-75.076,-12.141],[-75.074,-12.108],[-75.067,-12.07],[-75.058,-12.044],[-75.006,-12.022],[-74.957,-12.022],[-74.931,-12.029],[-74.916,-12.038],[-74.895,-12.055],[-74.877,-12.057],[-74.845,-12.071],[-74.83,-12.07],[-74.812,-12.066],[-74.757,-12.064],[-74.725,-12.061],[-74.706,-12.057],[-74.674,-12.035],[-74.66,-12.018],[-74.644,-12.002],[-74.622,-11.99],[-74.57,-11.995],[-74.531,-12.018],[-74.498,-12.027],[-74.464,-12.044],[-74.44,-12.069],[-74.417,-12.09],[-74.391,-12.119],[-74.355,-12.169],[-74.347,-12.183],[-74.335,-12.204],[-74.3,-12.242],[-74.218,-12.29],[-74.191,-12.314],[-74.161,-12.331],[-74.138,-12.332],[-74.115,-12.324],[-74.076,-12.284],[-74.057,-12.277],[-74.036,-12.277],[-74.0,-12.296],[-73.981,-12.298],[-73.979,-12.296],[-73.957,-12.274],[-73.938,-12.252],[-73.915,-12.242],[-73.895,-12.246],[-73.876,-12.257],[-73.859,-12.256],[-73.839,-12.252],[-73.812,-12.246],[-73.789,-12.248],[-73.762,-12.258],[-73.738,-12.272],[-73.709,-12.287],[-73.683,-12.306],[-73.662,-12.343],[-73.639,-12.373],[-73.618,-12.389],[-73.605,-12.392],[-73.588,-12.385],[-73.574,-12.351],[-73.564,-12.305],[-73.555,-12.281],[-73.531,-12.265],[-73.499,-12.262],[-73.478,-12.248],[-73.457,-12.213],[-73.435,-12.187],[-73.417,-12.175],[-73.376,-12.149],[-73.366,-12.133],[-73.371,-12.115],[-73.387,-12.092],[-73.4,-12.062],[-73.405,-12.04],[-73.419,-12.009],[-73.431,-11.973],[-73.435,-11.937],[-73.449,-11.904],[-73.462,-11.885],[-73.481,-11.865],[-73.507,-11.847],[-73.527,-11.828],[-73.541,-11.808],[-73.561,-11.789],[-73.574,-11.729],[-73.597,-11.686],[-73.599,-11.652],[-73.584,-11.611],[-73.566,-11.595],[-73.54,-11.578],[-73.529,-11.562],[-73.477,-11.509],[-73.464,-11.479],[-73.454,-11.447],[-73.425,-11.372],[-73.438,-11.371],[-73.462,-11.35],[-73.467,-11.319],[-73.45,-11.281],[-73.446,-11.25],[-73.452,-11.214],[-73.462,-11.186],[-73.469,-11.155],[-73.47,-11.107],[-73.476,-11.085],[-73.502,-11.061],[-73.518,-11.051],[-73.541,-11.026],[-73.552,-10.995],[-73.566,-10.971],[-73.572,-10.948],[-73.57,-10.916],[-73.579,-10.872],[-73.593,-10.854],[-73.621,-10.834],[-73.696,-10.766],[-73.715,-10.752],[-73.738,-10.747],[-73.755,-10.751],[-73.78,-10.773],[-73.79,-10.794],[-73.805,-10.817],[-73.818,-10.851],[-73.818,-10.896],[-73.822,-10.941],[-73.841,-10.956],[-73.852,-10.982],[-73.855,-11.109],[-73.86,-11.14],[-73.873,-11.168],[-73.889,-11.178],[-73.928,-11.159],[-73.952,-11.145],[-73.965,-11.134],[-73.986,-11.065],[-73.989,-11.042],[-73.998,-11.023],[-74.013,-11.002],[-74.032,-10.992],[-74.063,-10.985],[-74.097,-10.989],[-74.127,-10.99],[-74.161,-10.997],[-74.227,-11.026],[-74.304,-11.041],[-74.32,-11.054],[-74.372,-11.055],[-74.403,-11.038],[-74.441,-10.993],[-74.465,-10.973],[-74.493,-10.944],[-74.511,-10.93],[-74.532,-10.909],[-74.533,-10.909],[-74.577,-10.912],[-74.616,-10.904],[-74.637,-10.889],[-74.662,-10.882],[-74.69,-10.878],[-74.713,-10.862],[-74.744,-10.844],[-74.778,-10.828],[-74.801,-10.813],[-74.823,-10.785],[-74.858,-10.757],[-74.879,-10.753],[-74.903,-10.763],[-74.913,-10.763],[-74.925,-10.757],[-74.947,-10.741],[-74.985,-10.729],[-75.009,-10.69],[-75.031,-10.669],[-75.061,-10.665],[-75.082,-10.682],[-75.101,-10.702],[-75.118,-10.724],[-75.151,-10.729],[-75.173,-10.725],[-75.193,-10.719],[-75.199,-10.72],[-75.216,-10.73],[-75.23,-10.749],[-75.262,-10.802],[-75.28,-10.84],[-75.301,-10.867],[-75.339,-10.873],[-75.36,-10.86],[-75.375,-10.86],[-75.39,-10.872],[-75.42,-10.879],[-75.478,-10.88],[-75.492,-10.859],[-75.493,-10.838],[-75.484,-10.824],[-75.475,-10.797],[-75.477,-10.775],[-75.482,-10.765],[-75.496,-10.754],[-75.518,-10.747],[-75.552,-10.745],[-75.574,-10.757],[-75.58,-10.796],[-75.604,-10.817],[-75.651,-10.833],[-75.687,-10.83],[-75.712,-10.818],[-75.736,-10.814],[-75.77,-10.829],[-75.805,-10.85],[-75.828,-10.87],[-75.852,-10.879],[-75.875,-10.873],[-75.895,-10.866],[-75.916,-10.872],[-75.941,-10.872],[-75.96,-10.863],[-75.979,-10.844],[-75.993,-10.833],[-76.004,-10.83],[-76.016,-10.84],[-76.027,-10.857],[-76.04,-10.873],[-76.056,-10.884],[-76.116,-10.939],[-76.142,-10.95],[-76.181,-10.952],[-76.243,-10.92],[-76.263,-10.927],[-76.278,-10.962],[-76.272,-10.998],[-76.255,-11.034],[-76.241,-11.075],[-76.238,-11.126],[-76.26,-11.154],[-76.279,-11.152],[-76.31,-11.125],[-76.326,-11.106],[-76.343,-11.095],[-76.359,-11.09],[-76.465,-11.091],[-76.493,-11.085]]]}},{"type":"Feature","properties":{"depto":"11","nombre_fuente":"Ica"},"geometry":{"type":"MultiPolygon","coordinates":[[[[-76.433,-13.873],[-76.433,-13.855],[-76.439,-13.841],[-76.447,-13.842],[-76.458,-13.846],[-76.464,-13.85],[-76.468,-13.857],[-76.46,-13.87],[-76.445,-13.88],[-76.433,-13.873]]],[[[-76.243,-13.333],[-76.222,-13.36],[-76.204,-13.396],[-76.191,-13.436],[-76.185,-13.467],[-76.174,-13.519],[-76.171,-13.569],[-76.183,-13.618],[-76.201,-13.652],[-76.21,-13.7],[-76.231,-13.761],[-76.238,-13.801],[-76.248,-13.845],[-76.273,-13.853],[-76.295,-13.849],[-76.303,-13.802],[-76.316,-13.795],[-76.331,-13.807],[-76.358,-13.822],[-76.382,-13.849],[-76.393,-13.888],[-76.386,-13.909],[-76.363,-13.922],[-76.323,-13.918],[-76.307,-13.902],[-76.281,-13.919],[-76.265,-13.997],[-76.261,-14.061],[-76.276,-14.086],[-76.282,-14.106],[-76.286,-14.178],[-76.271,-14.199],[-76.263,-14.191],[-76.266,-14.16],[-76.243,-14.168],[-76.218,-14.191],[-76.203,-14.196],[-76.175,-14.223],[-76.156,-14.25],[-76.128,-14.269],[-76.109,-14.309],[-76.125,-14.312],[-76.155,-14.312],[-76.177,-14.31],[-76.164,-14.331],[-76.122,-14.353],[-76.091,-14.374],[-76.021,-14.448],[-75.995,-14.489],[-75.958,-14.553],[-75.907,-14.66],[-75.882,-14.683],[-75.841,-14.716],[-75.786,-14.766],[-75.735,-14.802],[-75.675,-14.835],[-75.575,-14.881],[-75.539,-14.903],[-75.521,-14.927],[-75.5,-14.968],[-75.476,-14.998],[-75.438,-15.036],[-75.419,-15.069],[-75.38,-15.15],[-75.367,-15.17],[-75.338,-15.17],[-75.307,-15.173],[-75.267,-15.2],[-75.238,-15.227],[-75.228,-15.253],[-75.232,-15.274],[-75.248,-15.275],[-75.265,-15.27],[-75.265,-15.276],[-75.254,-15.29],[-75.228,-15.305],[-75.21,-15.319],[-75.191,-15.322],[-75.168,-15.333],[-75.159,-15.362],[-75.168,-15.373],[-75.186,-15.374],[-75.197,-15.38],[-75.168,-15.395],[-75.149,-15.41],[-75.103,-15.433],[-75.007,-15.372],[-74.985,-15.325],[-74.96,-15.262],[-74.926,-15.211],[-74.821,-15.15],[-74.779,-15.129],[-74.77,-15.124],[-74.738,-15.102],[-74.695,-15.081],[-74.669,-15.064],[-74.665,-15.023],[-74.668,-14.986],[-74.679,-14.95],[-74.668,-14.914],[-74.671,-14.885],[-74.685,-14.867],[-74.718,-14.848],[-74.74,-14.83],[-74.759,-14.798],[-74.754,-14.781],[-74.729,-14.766],[-74.727,-14.75],[-74.741,-14.75],[-74.777,-14.762],[-74.802,-14.763],[-74.819,-14.755],[-74.835,-14.726],[-74.833,-14.703],[-74.808,-14.663],[-74.809,-14.639],[-74.83,-14.622],[-74.874,-14.601],[-74.876,-14.577],[-74.892,-14.567],[-74.912,-14.573],[-74.934,-14.595],[-74.965,-14.618],[-74.985,-14.627],[-75.013,-14.63],[-75.035,-14.638],[-75.05,-14.633],[-75.056,-14.609],[-75.071,-14.588],[-75.089,-14.527],[-75.09,-14.509],[-75.077,-14.478],[-75.066,-14.462],[-75.07,-14.454],[-75.088,-14.447],[-75.115,-14.425],[-75.12,-14.405],[-75.117,-14.398],[-75.109,-14.372],[-75.068,-14.32],[-75.046,-14.278],[-75.069,-14.252],[-75.079,-14.226],[-75.078,-14.201],[-75.076,-14.181],[-75.069,-14.166],[-75.058,-14.154],[-75.052,-14.125],[-75.063,-14.112],[-75.067,-14.106],[-75.089,-14.09],[-75.119,-14.074],[-75.141,-14.071],[-75.175,-14.071],[-75.2,-14.062],[-75.233,-14.044],[-75.264,-14.032],[-75.299,-14.032],[-75.326,-14.03],[-75.345,-14.019],[-75.364,-13.99],[-75.382,-13.968],[-75.409,-13.946],[-75.437,-13.937],[-75.478,-13.92],[-75.499,-13.906],[-75.528,-13.897],[-75.57,-13.873],[-75.559,-13.854],[-75.532,-13.831],[-75.536,-13.794],[-75.531,-13.753],[-75.512,-13.719],[-75.492,-13.653],[-75.509,-13.632],[-75.516,-13.611],[-75.498,-13.581],[-75.484,-13.553],[-75.475,-13.527],[-75.472,-13.487],[-75.472,-13.452],[-75.478,-13.434],[-75.502,-13.403],[-75.523,-13.408],[-75.613,-13.414],[-75.629,-13.419],[-75.653,-13.431],[-75.674,-13.443],[-75.699,-13.443],[-75.716,-13.436],[-75.74,-13.417],[-75.761,-13.407],[-75.782,-13.405],[-75.795,-13.397],[-75.794,-13.376],[-75.768,-13.329],[-75.744,-13.314],[-75.732,-13.308],[-75.705,-13.266],[-75.698,-13.233],[-75.692,-13.193],[-75.696,-13.164],[-75.702,-13.147],[-75.716,-13.119],[-75.712,-13.085],[-75.71,-13.056],[-75.721,-13.05],[-75.75,-13.037],[-75.777,-13.058],[-75.8,-13.062],[-75.828,-13.046],[-75.894,-13.021],[-75.916,-13.009],[-75.943,-13.006],[-75.971,-13.048],[-76.014,-13.094],[-76.121,-13.178],[-76.146,-13.2],[-76.166,-13.228],[-76.193,-13.277],[-76.227,-13.318],[-76.243,-13.333]]]]}},{"type":"Feature","properties":{"depto":"09","nombre_fuente":"Huancavelica"},"geometry":{"type":"Polygon","coordinates":[[[-75.71,-13.056],[-75.712,-13.085],[-75.716,-13.119],[-75.702,-13.147],[-75.696,-13.164],[-75.692,-13.193],[-75.698,-13.233],[-75.705,-13.266],[-75.732,-13.308],[-75.744,-13.314],[-75.768,-13.329],[-75.794,-13.376],[-75.795,-13.397],[-75.782,-13.405],[-75.761,-13.407],[-75.74,-13.417],[-75.716,-13.436],[-75.699,-13.443],[-75.674,-13.443],[-75.653,-13.431],[-75.629,-13.419],[-75.613,-13.414],[-75.523,-13.408],[-75.502,-13.403],[-75.478,-13.434],[-75.472,-13.452],[-75.472,-13.487],[-75.475,-13.527],[-75.484,-13.553],[-75.498,-13.581],[-75.516,-13.611],[-75.509,-13.632],[-75.492,-13.653],[-75.512,-13.719],[-75.531,-13.753],[-75.536,-13.794],[-75.532,-13.831],[-75.559,-13.854],[-75.57,-13.873],[-75.528,-13.897],[-75.499,-13.906],[-75.478,-13.92],[-75.437,-13.937],[-75.409,-13.946],[-75.382,-13.968],[-75.364,-13.99],[-75.345,-14.019],[-75.326,-14.03],[-75.299,-14.032],[-75.264,-14.032],[-75.233,-14.044],[-75.2,-14.062],[-75.175,-14.071],[-75.141,-14.071],[-75.119,-14.074],[-75.089,-14.09],[-75.067,-14.106],[-75.063,-14.112],[-75.027,-14.099],[-75.006,-14.087],[-74.988,-14.084],[-74.953,-14.09],[-74.927,-14.098],[-74.894,-14.094],[-74.868,-14.084],[-74.85,-14.084],[-74.819,-14.095],[-74.785,-14.094],[-74.767,-14.082],[-74.764,-14.048],[-74.787,-14.028],[-74.767,-13.991],[-74.771,-13.962],[-74.788,-13.928],[-74.768,-13.875],[-74.775,-13.834],[-74.774,-13.808],[-74.767,-13.787],[-74.764,-13.75],[-74.768,-13.729],[-74.773,-13.699],[-74.768,-13.64],[-74.773,-13.621],[-74.791,-13.576],[-74.809,-13.547],[-74.834,-13.526],[-74.867,-13.493],[-74.887,-13.475],[-74.901,-13.453],[-74.9,-13.422],[-74.891,-13.397],[-74.878,-13.385],[-74.853,-13.372],[-74.804,-13.364],[-74.765,-13.35],[-74.743,-13.349],[-74.714,-13.365],[-74.695,-13.369],[-74.677,-13.362],[-74.659,-13.338],[-74.65,-13.309],[-74.644,-13.284],[-74.591,-13.237],[-74.579,-13.217],[-74.562,-13.208],[-74.508,-13.197],[-74.446,-13.194],[-74.431,-13.183],[-74.407,-13.168],[-74.39,-13.153],[-74.394,-13.125],[-74.404,-13.102],[-74.381,-13.052],[-74.368,-13.041],[-74.352,-13.037],[-74.341,-13.039],[-74.321,-13.052],[-74.303,-13.059],[-74.288,-13.054],[-74.279,-13.037],[-74.276,-13.015],[-74.279,-12.994],[-74.284,-12.979],[-74.299,-12.952],[-74.302,-12.931],[-74.304,-12.841],[-74.289,-12.82],[-74.282,-12.794],[-74.287,-12.775],[-74.304,-12.756],[-74.318,-12.742],[-74.331,-12.725],[-74.34,-12.702],[-74.34,-12.681],[-74.331,-12.639],[-74.326,-12.62],[-74.332,-12.602],[-74.376,-12.564],[-74.406,-12.497],[-74.422,-12.47],[-74.426,-12.46],[-74.45,-12.441],[-74.483,-12.432],[-74.502,-12.43],[-74.515,-12.422],[-74.534,-12.408],[-74.558,-12.377],[-74.572,-12.355],[-74.579,-12.332],[-74.572,-12.317],[-74.561,-12.307],[-74.535,-12.3],[-74.507,-12.298],[-74.483,-12.294],[-74.455,-12.284],[-74.431,-12.293],[-74.404,-12.291],[-74.388,-12.278],[-74.38,-12.237],[-74.37,-12.202],[-74.347,-12.183],[-74.355,-12.169],[-74.391,-12.119],[-74.417,-12.09],[-74.44,-12.069],[-74.464,-12.044],[-74.498,-12.027],[-74.531,-12.018],[-74.57,-11.995],[-74.622,-11.99],[-74.644,-12.002],[-74.66,-12.018],[-74.674,-12.035],[-74.706,-12.057],[-74.725,-12.061],[-74.757,-12.064],[-74.812,-12.066],[-74.83,-12.07],[-74.845,-12.071],[-74.877,-12.057],[-74.895,-12.055],[-74.916,-12.038],[-74.931,-12.029],[-74.957,-12.022],[-75.006,-12.022],[-75.058,-12.044],[-75.067,-12.07],[-75.074,-12.108],[-75.076,-12.141],[-75.069,-12.171],[-75.052,-12.19],[-75.051,-12.216],[-75.115,-12.317],[-75.127,-12.352],[-75.14,-12.368],[-75.144,-12.393],[-75.156,-12.39],[-75.175,-12.38],[-75.187,-12.385],[-75.212,-12.42],[-75.224,-12.448],[-75.235,-12.469],[-75.272,-12.48],[-75.303,-12.501],[-75.326,-12.523],[-75.354,-12.555],[-75.382,-12.581],[-75.417,-12.607],[-75.438,-12.638],[-75.462,-12.666],[-75.472,-12.67],[-75.505,-12.65],[-75.541,-12.646],[-75.578,-12.647],[-75.578,-12.656],[-75.567,-12.721],[-75.553,-12.742],[-75.541,-12.764],[-75.527,-12.782],[-75.522,-12.797],[-75.531,-12.821],[-75.578,-12.854],[-75.605,-12.877],[-75.62,-12.896],[-75.634,-12.916],[-75.615,-12.957],[-75.612,-12.979],[-75.623,-13.011],[-75.652,-13.052],[-75.665,-13.064],[-75.695,-13.066],[-75.71,-13.056]]]}},{"type":"Feature","properties":{"depto":"17","nombre_fuente":"Madre de Dios"},"geometry":{"type":"Polygon","coordinates":[[[-68.847,-13.006],[-68.862,-12.946],[-68.864,-12.917],[-68.863,-12.897],[-68.845,-12.884],[-68.827,-12.852],[-68.8,-12.81],[-68.78,-12.767],[-68.762,-12.75],[-68.748,-12.734],[-68.724,-12.715],[-68.703,-12.693],[-68.716,-12.683],[-68.722,-12.656],[-68.701,-12.628],[-68.692,-12.605],[-68.666,-12.574],[-68.65,-12.552],[-68.649,-12.509],[-68.643,-12.491],[-69.057,-11.722],[-69.427,-11.162],[-69.442,-11.125],[-69.458,-11.102],[-69.51,-11.022],[-69.522,-11.014],[-69.533,-10.993],[-69.541,-10.972],[-69.564,-10.95],[-69.594,-10.949],[-69.638,-10.955],[-69.666,-10.967],[-69.69,-10.973],[-69.722,-10.964],[-69.74,-10.951],[-69.762,-10.941],[-69.808,-10.934],[-69.902,-10.934],[-69.946,-10.94],[-69.975,-10.958],[-70.001,-10.977],[-70.026,-10.988],[-70.07,-11.011],[-70.095,-11.012],[-70.138,-11.035],[-70.16,-11.05],[-70.206,-11.051],[-70.237,-11.055],[-70.269,-11.073],[-70.299,-11.078],[-70.323,-11.077],[-70.342,-11.074],[-70.361,-11.058],[-70.387,-11.047],[-70.403,-11.045],[-70.426,-11.033],[-70.441,-11.022],[-70.475,-10.975],[-70.495,-10.951],[-70.516,-10.936],[-70.537,-10.938],[-70.565,-10.957],[-70.597,-10.987],[-70.622,-11.0],[-70.623,-9.95],[-70.692,-9.979],[-70.832,-10.117],[-70.839,-10.31],[-70.889,-10.362],[-71.066,-10.511],[-71.151,-10.575],[-71.193,-10.635],[-71.224,-10.687],[-71.223,-10.794],[-71.233,-10.823],[-71.251,-10.857],[-71.273,-10.892],[-71.3,-10.931],[-71.323,-10.947],[-71.37,-10.954],[-71.41,-10.962],[-71.455,-10.985],[-71.825,-10.982],[-71.857,-10.965],[-71.869,-10.957],[-71.947,-10.947],[-71.988,-10.956],[-72.016,-10.98],[-72.046,-10.998],[-72.07,-11.003],[-72.089,-10.999],[-72.107,-10.991],[-72.124,-10.986],[-72.144,-10.995],[-72.169,-11.032],[-72.168,-11.055],[-72.121,-11.116],[-72.124,-11.136],[-72.178,-11.201],[-72.194,-11.222],[-72.208,-11.287],[-72.223,-11.309],[-72.239,-11.323],[-72.245,-11.32],[-72.239,-11.344],[-72.238,-11.363],[-72.254,-11.4],[-72.273,-11.437],[-72.284,-11.483],[-72.31,-11.565],[-72.316,-11.6],[-72.334,-11.634],[-72.345,-11.66],[-72.351,-11.698],[-72.361,-11.716],[-72.379,-11.735],[-72.393,-11.77],[-72.399,-11.815],[-72.377,-11.838],[-72.358,-11.863],[-72.351,-11.902],[-72.343,-11.935],[-72.326,-11.969],[-72.303,-11.992],[-72.278,-12.02],[-72.262,-12.041],[-72.234,-12.052],[-72.201,-12.054],[-72.167,-12.06],[-72.125,-12.076],[-72.095,-12.101],[-72.084,-12.136],[-72.097,-12.185],[-72.092,-12.213],[-72.076,-12.243],[-72.05,-12.258],[-72.013,-12.266],[-71.979,-12.277],[-71.949,-12.294],[-71.938,-12.333],[-72.003,-12.411],[-72.061,-12.474],[-72.058,-12.484],[-72.032,-12.51],[-72.004,-12.531],[-71.99,-12.564],[-71.958,-12.62],[-71.949,-12.65],[-71.945,-12.681],[-71.928,-12.696],[-71.904,-12.709],[-71.854,-12.717],[-71.822,-12.723],[-71.795,-12.74],[-71.774,-12.769],[-71.753,-12.781],[-71.716,-12.786],[-71.684,-12.767],[-71.66,-12.742],[-71.623,-12.715],[-71.591,-12.697],[-71.552,-12.696],[-71.525,-12.721],[-71.498,-12.757],[-71.473,-12.778],[-71.443,-12.824],[-71.437,-12.85],[-71.427,-12.865],[-71.409,-12.883],[-71.373,-12.891],[-71.348,-12.901],[-71.322,-12.915],[-71.3,-12.935],[-71.274,-12.949],[-71.243,-12.955],[-71.206,-12.957],[-71.17,-12.969],[-71.151,-13.012],[-71.15,-13.098],[-71.142,-13.128],[-71.125,-13.161],[-71.115,-13.204],[-71.097,-13.229],[-71.063,-13.243],[-71.041,-13.238],[-71.017,-13.252],[-70.997,-13.247],[-70.98,-13.222],[-70.97,-13.192],[-70.949,-13.171],[-70.925,-13.143],[-70.902,-13.112],[-70.882,-13.091],[-70.858,-13.079],[-70.833,-13.075],[-70.804,-13.081],[-70.76,-13.105],[-70.727,-13.113],[-70.695,-13.111],[-70.659,-13.102],[-70.628,-13.103],[-70.586,-13.109],[-70.568,-13.12],[-70.541,-13.139],[-70.501,-13.16],[-70.433,-13.164],[-70.394,-13.162],[-70.392,-13.162],[-70.378,-13.145],[-70.339,-13.137],[-70.291,-13.146],[-69.607,-13.373],[-68.847,-13.006]]]}},{"type":"Feature","properties":{"depto":"08","nombre_fuente":"Cusco"},"geometry":{"type":"Polygon","coordinates":[[[-70.394,-13.162],[-70.433,-13.164],[-70.501,-13.16],[-70.541,-13.139],[-70.568,-13.12],[-70.586,-13.109],[-70.628,-13.103],[-70.659,-13.102],[-70.695,-13.111],[-70.727,-13.113],[-70.76,-13.105],[-70.804,-13.081],[-70.833,-13.075],[-70.858,-13.079],[-70.882,-13.091],[-70.902,-13.112],[-70.925,-13.143],[-70.949,-13.171],[-70.97,-13.192],[-70.98,-13.222],[-70.997,-13.247],[-71.017,-13.252],[-71.041,-13.238],[-71.063,-13.243],[-71.097,-13.229],[-71.115,-13.204],[-71.125,-13.161],[-71.142,-13.128],[-71.15,-13.098],[-71.151,-13.012],[-71.17,-12.969],[-71.206,-12.957],[-71.243,-12.955],[-71.274,-12.949],[-71.3,-12.935],[-71.322,-12.915],[-71.348,-12.901],[-71.373,-12.891],[-71.409,-12.883],[-71.427,-12.865],[-71.437,-12.85],[-71.443,-12.824],[-71.473,-12.778],[-71.498,-12.757],[-71.525,-12.721],[-71.552,-12.696],[-71.591,-12.697],[-71.623,-12.715],[-71.66,-12.742],[-71.684,-12.767],[-71.716,-12.786],[-71.753,-12.781],[-71.774,-12.769],[-71.795,-12.74],[-71.822,-12.723],[-71.854,-12.717],[-71.904,-12.709],[-71.928,-12.696],[-71.945,-12.681],[-71.949,-12.65],[-71.958,-12.62],[-71.99,-12.564],[-72.004,-12.531],[-72.032,-12.51],[-72.058,-12.484],[-72.061,-12.474],[-72.003,-12.411],[-71.938,-12.333],[-71.949,-12.294],[-71.979,-12.277],[-72.013,-12.266],[-72.05,-12.258],[-72.076,-12.243],[-72.092,-12.213],[-72.097,-12.185],[-72.084,-12.136],[-72.095,-12.101],[-72.125,-12.076],[-72.167,-12.06],[-72.201,-12.054],[-72.234,-12.052],[-72.262,-12.041],[-72.278,-12.02],[-72.303,-11.992],[-72.326,-11.969],[-72.343,-11.935],[-72.351,-11.902],[-72.358,-11.863],[-72.377,-11.838],[-72.399,-11.815],[-72.393,-11.77],[-72.379,-11.735],[-72.361,-11.716],[-72.351,-11.698],[-72.345,-11.66],[-72.334,-11.634],[-72.316,-11.6],[-72.31,-11.565],[-72.284,-11.483],[-72.273,-11.437],[-72.254,-11.4],[-72.238,-11.363],[-72.239,-11.344],[-72.245,-11.32],[-72.257,-11.314],[-72.275,-11.304],[-72.29,-11.301],[-72.32,-11.321],[-72.352,-11.325],[-72.384,-11.342],[-72.406,-11.357],[-72.434,-11.373],[-72.517,-11.428],[-72.549,-11.436],[-72.587,-11.431],[-72.617,-11.421],[-72.635,-11.412],[-72.674,-11.386],[-72.698,-11.365],[-72.732,-11.363],[-72.788,-11.381],[-72.806,-11.385],[-72.873,-11.36],[-72.901,-11.353],[-72.917,-11.335],[-72.934,-11.323],[-72.945,-11.293],[-72.951,-11.268],[-72.957,-11.253],[-72.97,-11.24],[-72.988,-11.238],[-73.003,-11.245],[-73.016,-11.254],[-73.043,-11.265],[-73.077,-11.275],[-73.105,-11.292],[-73.141,-11.3],[-73.227,-11.308],[-73.261,-11.307],[-73.274,-11.302],[-73.306,-11.307],[-73.349,-11.332],[-73.374,-11.35],[-73.415,-11.372],[-73.425,-11.372],[-73.454,-11.447],[-73.464,-11.479],[-73.477,-11.509],[-73.529,-11.562],[-73.54,-11.578],[-73.566,-11.595],[-73.584,-11.611],[-73.599,-11.652],[-73.597,-11.686],[-73.574,-11.729],[-73.561,-11.789],[-73.541,-11.808],[-73.527,-11.828],[-73.507,-11.847],[-73.481,-11.865],[-73.462,-11.885],[-73.449,-11.904],[-73.435,-11.937],[-73.431,-11.973],[-73.419,-12.009],[-73.405,-12.04],[-73.4,-12.062],[-73.387,-12.092],[-73.371,-12.115],[-73.366,-12.133],[-73.376,-12.149],[-73.417,-12.175],[-73.435,-12.187],[-73.457,-12.213],[-73.478,-12.248],[-73.499,-12.262],[-73.531,-12.265],[-73.555,-12.281],[-73.564,-12.305],[-73.574,-12.351],[-73.588,-12.385],[-73.605,-12.392],[-73.618,-12.389],[-73.639,-12.373],[-73.662,-12.343],[-73.683,-12.306],[-73.709,-12.287],[-73.738,-12.272],[-73.762,-12.258],[-73.789,-12.248],[-73.812,-12.246],[-73.839,-12.252],[-73.859,-12.256],[-73.876,-12.257],[-73.895,-12.246],[-73.915,-12.242],[-73.938,-12.252],[-73.957,-12.274],[-73.979,-12.296],[-73.975,-12.31],[-73.946,-12.361],[-73.92,-12.397],[-73.896,-12.423],[-73.873,-12.462],[-73.836,-12.539],[-73.794,-12.602],[-73.783,-12.623],[-73.766,-12.642],[-73.745,-12.653],[-73.711,-12.68],[-73.686,-12.708],[-73.659,-12.732],[-73.638,-12.757],[-73.573,-12.862],[-73.536,-12.913],[-73.515,-12.955],[-73.493,-13.007],[-73.479,-13.052],[-73.456,-13.095],[-73.425,-13.146],[-73.39,-13.229],[-73.356,-13.284],[-73.305,-13.353],[-73.278,-13.383],[-73.24,-13.41],[-73.215,-13.43],[-73.209,-13.431],[-73.183,-13.439],[-73.086,-13.446],[-73.039,-13.439],[-72.98,-13.404],[-72.922,-13.385],[-72.884,-13.401],[-72.824,-13.439],[-72.755,-13.466],[-72.693,-13.498],[-72.614,-13.551],[-72.574,-13.572],[-72.494,-13.59],[-72.454,-13.604],[-72.416,-13.628],[-72.343,-13.686],[-72.303,-13.713],[-72.278,-13.711],[-72.256,-13.706],[-72.242,-13.706],[-72.217,-13.718],[-72.169,-13.757],[-72.135,-13.792],[-72.104,-13.844],[-72.081,-13.893],[-72.06,-13.967],[-72.057,-13.993],[-72.048,-14.008],[-72.046,-14.051],[-72.063,-14.118],[-72.068,-14.172],[-72.087,-14.23],[-72.134,-14.282],[-72.196,-14.334],[-72.239,-14.389],[-72.286,-14.435],[-72.322,-14.45],[-72.387,-14.485],[-72.437,-14.507],[-72.475,-14.542],[-72.486,-14.566],[-72.484,-14.592],[-72.465,-14.613],[-72.458,-14.639],[-72.469,-14.67],[-72.471,-14.69],[-72.472,-14.691],[-72.478,-14.708],[-72.489,-14.735],[-72.482,-14.754],[-72.446,-14.786],[-72.432,-14.8],[-72.393,-14.82],[-72.334,-14.826],[-72.266,-14.825],[-72.217,-14.807],[-72.182,-14.799],[-72.14,-14.799],[-72.111,-14.828],[-72.088,-14.868],[-72.073,-14.88],[-72.049,-14.881],[-72.025,-14.842],[-72.027,-14.793],[-72.024,-14.74],[-72.017,-14.696],[-71.997,-14.657],[-71.964,-14.656],[-71.925,-14.7],[-71.921,-14.766],[-71.878,-14.802],[-71.855,-14.841],[-71.845,-14.88],[-71.823,-14.9],[-71.803,-14.912],[-71.769,-14.943],[-71.754,-14.969],[-71.75,-14.988],[-71.772,-15.018],[-71.807,-15.051],[-71.816,-15.069],[-71.802,-15.099],[-71.755,-15.11],[-71.682,-15.108],[-71.65,-15.122],[-71.631,-15.138],[-71.609,-15.149],[-71.586,-15.134],[-71.561,-15.122],[-71.526,-15.099],[-71.498,-15.084],[-71.489,-15.077],[-71.484,-15.067],[-71.494,-15.045],[-71.493,-15.025],[-71.471,-15.005],[-71.445,-15.005],[-71.411,-15.023],[-71.397,-15.035],[-71.384,-15.055],[-71.368,-15.073],[-71.353,-15.095],[-71.33,-15.109],[-71.309,-15.117],[-71.292,-15.119],[-71.271,-15.109],[-71.251,-15.089],[-71.228,-15.075],[-71.203,-15.073],[-71.173,-15.09],[-71.163,-15.108],[-71.144,-15.138],[-71.147,-15.15],[-71.16,-15.173],[-71.158,-15.188],[-71.152,-15.205],[-71.159,-15.226],[-71.173,-15.253],[-71.178,-15.27],[-71.154,-15.329],[-71.15,-15.371],[-71.149,-15.388],[-71.156,-15.408],[-71.167,-15.422],[-71.159,-15.443],[-71.125,-15.457],[-71.095,-15.464],[-71.075,-15.472],[-71.035,-15.454],[-71.028,-15.444],[-71.018,-15.431],[-71.003,-15.394],[-70.979,-15.352],[-70.953,-15.329],[-70.951,-15.314],[-70.964,-15.283],[-70.963,-15.241],[-70.951,-15.217],[-70.968,-15.134],[-70.969,-15.051],[-70.991,-15.002],[-70.987,-14.987],[-70.979,-14.96],[-70.974,-14.832],[-70.964,-14.817],[-70.956,-14.794],[-70.968,-14.771],[-71.001,-14.758],[-71.047,-14.75],[-71.067,-14.732],[-71.079,-14.708],[-71.094,-14.695],[-71.088,-14.676],[-71.07,-14.651],[-70.992,-14.595],[-70.969,-14.584],[-70.967,-14.555],[-70.971,-14.517],[-70.969,-14.487],[-70.955,-14.463],[-70.966,-14.408],[-70.951,-14.389],[-70.924,-14.363],[-70.902,-14.331],[-70.876,-14.3],[-70.869,-14.277],[-70.874,-14.233],[-70.867,-14.208],[-70.855,-14.186],[-70.837,-14.174],[-70.824,-14.161],[-70.805,-14.145],[-70.787,-14.119],[-70.783,-14.109],[-70.786,-14.094],[-70.794,-14.082],[-70.817,-14.067],[-70.833,-14.05],[-70.835,-14.012],[-70.825,-13.984],[-70.81,-13.954],[-70.806,-13.926],[-70.811,-13.908],[-70.845,-13.849],[-70.844,-13.826],[-70.831,-13.809],[-70.819,-13.814],[-70.725,-13.832],[-70.701,-13.843],[-70.69,-13.818],[-70.697,-13.793],[-70.706,-13.775],[-70.717,-13.76],[-70.718,-13.736],[-70.7,-13.702],[-70.68,-13.679],[-70.657,-13.663],[-70.605,-13.633],[-70.572,-13.612],[-70.55,-13.591],[-70.528,-13.574],[-70.481,-13.503],[-70.457,-13.472],[-70.449,-13.437],[-70.437,-13.411],[-70.421,-13.386],[-70.399,-13.37],[-70.365,-13.325],[-70.352,-13.31],[-70.356,-13.286],[-70.396,-13.266],[-70.38,-13.236],[-70.378,-13.191],[-70.394,-13.162]]]}},{"type":"Feature","properties":{"depto":"03","nombre_fuente":"Apurímac"},"geometry":{"type":"Polygon","coordinates":[[[-73.209,-13.431],[-73.219,-13.449],[-73.243,-13.477],[-73.271,-13.462],[-73.321,-13.448],[-73.366,-13.448],[-73.415,-13.446],[-73.46,-13.432],[-73.508,-13.401],[-73.559,-13.375],[-73.623,-13.335],[-73.678,-13.29],[-73.724,-13.27],[-73.727,-13.249],[-73.722,-13.228],[-73.727,-13.201],[-73.75,-13.178],[-73.77,-13.193],[-73.788,-13.218],[-73.806,-13.237],[-73.823,-13.294],[-73.821,-13.346],[-73.828,-13.388],[-73.837,-13.4],[-73.843,-13.432],[-73.829,-13.478],[-73.82,-13.522],[-73.794,-13.599],[-73.774,-13.642],[-73.761,-13.659],[-73.72,-13.69],[-73.696,-13.72],[-73.688,-13.738],[-73.697,-13.755],[-73.728,-13.774],[-73.745,-13.794],[-73.738,-13.817],[-73.715,-13.839],[-73.693,-13.878],[-73.673,-13.92],[-73.656,-13.95],[-73.632,-14.007],[-73.623,-14.033],[-73.609,-14.086],[-73.601,-14.108],[-73.543,-14.212],[-73.525,-14.242],[-73.517,-14.251],[-73.511,-14.289],[-73.511,-14.317],[-73.523,-14.353],[-73.553,-14.411],[-73.567,-14.452],[-73.542,-14.515],[-73.527,-14.533],[-73.518,-14.549],[-73.51,-14.578],[-73.516,-14.604],[-73.525,-14.633],[-73.513,-14.652],[-73.523,-14.682],[-73.549,-14.71],[-73.564,-14.738],[-73.562,-14.765],[-73.542,-14.802],[-73.523,-14.828],[-73.508,-14.836],[-73.477,-14.859],[-73.411,-14.795],[-73.397,-14.755],[-73.372,-14.709],[-73.362,-14.703],[-73.347,-14.708],[-73.288,-14.74],[-73.273,-14.743],[-73.244,-14.733],[-73.2,-14.725],[-73.148,-14.698],[-73.106,-14.692],[-73.062,-14.668],[-73.039,-14.661],[-72.999,-14.658],[-72.98,-14.662],[-72.946,-14.682],[-72.92,-14.69],[-72.898,-14.7],[-72.853,-14.73],[-72.835,-14.733],[-72.834,-14.732],[-72.818,-14.719],[-72.799,-14.695],[-72.787,-14.675],[-72.773,-14.663],[-72.756,-14.66],[-72.729,-14.666],[-72.683,-14.689],[-72.645,-14.688],[-72.617,-14.69],[-72.603,-14.698],[-72.594,-14.706],[-72.552,-14.698],[-72.523,-14.694],[-72.472,-14.691],[-72.471,-14.69],[-72.469,-14.67],[-72.458,-14.639],[-72.465,-14.613],[-72.484,-14.592],[-72.486,-14.566],[-72.475,-14.542],[-72.437,-14.507],[-72.387,-14.485],[-72.322,-14.45],[-72.286,-14.435],[-72.239,-14.389],[-72.196,-14.334],[-72.134,-14.282],[-72.087,-14.23],[-72.068,-14.172],[-72.063,-14.118],[-72.046,-14.051],[-72.048,-14.008],[-72.057,-13.993],[-72.06,-13.967],[-72.081,-13.893],[-72.104,-13.844],[-72.135,-13.792],[-72.169,-13.757],[-72.217,-13.718],[-72.242,-13.706],[-72.256,-13.706],[-72.278,-13.711],[-72.303,-13.713],[-72.343,-13.686],[-72.416,-13.628],[-72.454,-13.604],[-72.494,-13.59],[-72.574,-13.572],[-72.614,-13.551],[-72.693,-13.498],[-72.755,-13.466],[-72.824,-13.439],[-72.884,-13.401],[-72.922,-13.385],[-72.98,-13.404],[-73.039,-13.439],[-73.086,-13.446],[-73.183,-13.439],[-73.209,-13.431]]]}},{"type":"Feature","properties":{"depto":"05","nombre_fuente":"Ayacucho"},"geometry":{"type":"Polygon","coordinates":[[[-74.347,-12.183],[-74.37,-12.202],[-74.38,-12.237],[-74.388,-12.278],[-74.404,-12.291],[-74.431,-12.293],[-74.455,-12.284],[-74.483,-12.294],[-74.507,-12.298],[-74.535,-12.3],[-74.561,-12.307],[-74.572,-12.317],[-74.579,-12.332],[-74.572,-12.355],[-74.558,-12.377],[-74.534,-12.408],[-74.515,-12.422],[-74.502,-12.43],[-74.483,-12.432],[-74.45,-12.441],[-74.426,-12.46],[-74.422,-12.47],[-74.406,-12.497],[-74.376,-12.564],[-74.332,-12.602],[-74.326,-12.62],[-74.331,-12.639],[-74.34,-12.681],[-74.34,-12.702],[-74.331,-12.725],[-74.318,-12.742],[-74.304,-12.756],[-74.287,-12.775],[-74.282,-12.794],[-74.289,-12.82],[-74.304,-12.841],[-74.302,-12.931],[-74.299,-12.952],[-74.284,-12.979],[-74.279,-12.994],[-74.276,-13.015],[-74.279,-13.037],[-74.288,-13.054],[-74.303,-13.059],[-74.321,-13.052],[-74.341,-13.039],[-74.352,-13.037],[-74.368,-13.041],[-74.381,-13.052],[-74.404,-13.102],[-74.394,-13.125],[-74.39,-13.153],[-74.407,-13.168],[-74.431,-13.183],[-74.446,-13.194],[-74.508,-13.197],[-74.562,-13.208],[-74.579,-13.217],[-74.591,-13.237],[-74.644,-13.284],[-74.65,-13.309],[-74.659,-13.338],[-74.677,-13.362],[-74.695,-13.369],[-74.714,-13.365],[-74.743,-13.349],[-74.765,-13.35],[-74.804,-13.364],[-74.853,-13.372],[-74.878,-13.385],[-74.891,-13.397],[-74.9,-13.422],[-74.901,-13.453],[-74.887,-13.475],[-74.867,-13.493],[-74.834,-13.526],[-74.809,-13.547],[-74.791,-13.576],[-74.773,-13.621],[-74.768,-13.64],[-74.773,-13.699],[-74.768,-13.729],[-74.764,-13.75],[-74.767,-13.787],[-74.774,-13.808],[-74.775,-13.834],[-74.768,-13.875],[-74.788,-13.928],[-74.771,-13.962],[-74.767,-13.991],[-74.787,-14.028],[-74.764,-14.048],[-74.767,-14.082],[-74.785,-14.094],[-74.819,-14.095],[-74.85,-14.084],[-74.868,-14.084],[-74.894,-14.094],[-74.927,-14.098],[-74.953,-14.09],[-74.988,-14.084],[-75.006,-14.087],[-75.027,-14.099],[-75.063,-14.112],[-75.052,-14.125],[-75.058,-14.154],[-75.069,-14.166],[-75.076,-14.181],[-75.078,-14.201],[-75.079,-14.226],[-75.069,-14.252],[-75.046,-14.278],[-75.068,-14.32],[-75.109,-14.372],[-75.117,-14.398],[-75.12,-14.405],[-75.115,-14.425],[-75.088,-14.447],[-75.07,-14.454],[-75.066,-14.462],[-75.077,-14.478],[-75.09,-14.509],[-75.089,-14.527],[-75.071,-14.588],[-75.056,-14.609],[-75.05,-14.633],[-75.035,-14.638],[-75.013,-14.63],[-74.985,-14.627],[-74.965,-14.618],[-74.934,-14.595],[-74.912,-14.573],[-74.892,-14.567],[-74.876,-14.577],[-74.874,-14.601],[-74.83,-14.622],[-74.809,-14.639],[-74.808,-14.663],[-74.833,-14.703],[-74.835,-14.726],[-74.819,-14.755],[-74.802,-14.763],[-74.777,-14.762],[-74.741,-14.75],[-74.727,-14.75],[-74.729,-14.766],[-74.754,-14.781],[-74.759,-14.798],[-74.74,-14.83],[-74.718,-14.848],[-74.685,-14.867],[-74.671,-14.885],[-74.668,-14.914],[-74.679,-14.95],[-74.668,-14.986],[-74.665,-15.023],[-74.669,-15.064],[-74.695,-15.081],[-74.738,-15.102],[-74.77,-15.124],[-74.755,-15.132],[-74.662,-15.137],[-74.624,-15.145],[-74.6,-15.161],[-74.587,-15.163],[-74.569,-15.154],[-74.548,-15.151],[-74.523,-15.157],[-74.506,-15.167],[-74.422,-15.182],[-74.378,-15.21],[-74.378,-15.216],[-74.382,-15.271],[-74.393,-15.301],[-74.397,-15.321],[-74.386,-15.337],[-74.366,-15.346],[-74.319,-15.372],[-74.307,-15.404],[-74.309,-15.45],[-74.304,-15.469],[-74.297,-15.483],[-74.285,-15.489],[-74.25,-15.492],[-74.202,-15.503],[-74.187,-15.501],[-74.166,-15.488],[-74.137,-15.464],[-74.114,-15.435],[-74.094,-15.427],[-74.065,-15.43],[-74.044,-15.44],[-74.032,-15.46],[-74.03,-15.478],[-74.037,-15.497],[-74.056,-15.528],[-74.069,-15.591],[-74.075,-15.612],[-74.071,-15.628],[-74.061,-15.635],[-74.028,-15.615],[-74.01,-15.607],[-73.972,-15.545],[-73.927,-15.502],[-73.896,-15.467],[-73.876,-15.45],[-73.867,-15.436],[-73.865,-15.421],[-73.876,-15.397],[-73.878,-15.373],[-73.868,-15.358],[-73.845,-15.341],[-73.827,-15.33],[-73.798,-15.335],[-73.781,-15.353],[-73.753,-15.39],[-73.738,-15.407],[-73.707,-15.425],[-73.695,-15.44],[-73.678,-15.444],[-73.642,-15.431],[-73.586,-15.427],[-73.522,-15.418],[-73.5,-15.399],[-73.466,-15.389],[-73.426,-15.395],[-73.391,-15.409],[-73.352,-15.415],[-73.314,-15.406],[-73.297,-15.387],[-73.286,-15.356],[-73.246,-15.3],[-73.212,-15.3],[-73.187,-15.305],[-73.148,-15.281],[-73.134,-15.268],[-73.111,-15.227],[-73.084,-15.193],[-73.043,-15.154],[-73.018,-15.129],[-73.01,-15.085],[-72.998,-15.039],[-72.979,-14.989],[-72.99,-14.947],[-73.012,-14.919],[-73.013,-14.869],[-72.989,-14.839],[-72.97,-14.805],[-72.95,-14.794],[-72.922,-14.796],[-72.881,-14.796],[-72.849,-14.771],[-72.832,-14.756],[-72.834,-14.732],[-72.835,-14.733],[-72.853,-14.73],[-72.898,-14.7],[-72.92,-14.69],[-72.946,-14.682],[-72.98,-14.662],[-72.999,-14.658],[-73.039,-14.661],[-73.062,-14.668],[-73.106,-14.692],[-73.148,-14.698],[-73.2,-14.725],[-73.244,-14.733],[-73.273,-14.743],[-73.288,-14.74],[-73.347,-14.708],[-73.362,-14.703],[-73.372,-14.709],[-73.397,-14.755],[-73.411,-14.795],[-73.477,-14.859],[-73.508,-14.836],[-73.523,-14.828],[-73.542,-14.802],[-73.562,-14.765],[-73.564,-14.738],[-73.549,-14.71],[-73.523,-14.682],[-73.513,-14.652],[-73.525,-14.633],[-73.516,-14.604],[-73.51,-14.578],[-73.518,-14.549],[-73.527,-14.533],[-73.542,-14.515],[-73.567,-14.452],[-73.553,-14.411],[-73.523,-14.353],[-73.511,-14.317],[-73.511,-14.289],[-73.517,-14.251],[-73.525,-14.242],[-73.543,-14.212],[-73.601,-14.108],[-73.609,-14.086],[-73.623,-14.033],[-73.632,-14.007],[-73.656,-13.95],[-73.673,-13.92],[-73.693,-13.878],[-73.715,-13.839],[-73.738,-13.817],[-73.745,-13.794],[-73.728,-13.774],[-73.697,-13.755],[-73.688,-13.738],[-73.696,-13.72],[-73.72,-13.69],[-73.761,-13.659],[-73.774,-13.642],[-73.794,-13.599],[-73.82,-13.522],[-73.829,-13.478],[-73.843,-13.432],[-73.837,-13.4],[-73.828,-13.388],[-73.821,-13.346],[-73.823,-13.294],[-73.806,-13.237],[-73.788,-13.218],[-73.77,-13.193],[-73.75,-13.178],[-73.727,-13.201],[-73.722,-13.228],[-73.727,-13.249],[-73.724,-13.27],[-73.678,-13.29],[-73.623,-13.335],[-73.559,-13.375],[-73.508,-13.401],[-73.46,-13.432],[-73.415,-13.446],[-73.366,-13.448],[-73.321,-13.448],[-73.271,-13.462],[-73.243,-13.477],[-73.219,-13.449],[-73.209,-13.431],[-73.215,-13.43],[-73.24,-13.41],[-73.278,-13.383],[-73.305,-13.353],[-73.356,-13.284],[-73.39,-13.229],[-73.425,-13.146],[-73.456,-13.095],[-73.479,-13.052],[-73.493,-13.007],[-73.515,-12.955],[-73.536,-12.913],[-73.573,-12.862],[-73.638,-12.757],[-73.659,-12.732],[-73.686,-12.708],[-73.711,-12.68],[-73.745,-12.653],[-73.766,-12.642],[-73.783,-12.623],[-73.794,-12.602],[-73.836,-12.539],[-73.873,-12.462],[-73.896,-12.423],[-73.92,-12.397],[-73.946,-12.361],[-73.975,-12.31],[-73.979,-12.296],[-73.981,-12.298],[-74.0,-12.296],[-74.036,-12.277],[-74.057,-12.277],[-74.076,-12.284],[-74.115,-12.324],[-74.138,-12.332],[-74.161,-12.331],[-74.191,-12.314],[-74.218,-12.29],[-74.3,-12.242],[-74.335,-12.204],[-74.347,-12.183]]]}},{"type":"Feature","properties":{"depto":"04","nombre_fuente":"Arequipa"},"geometry":{"type":"Polygon","coordinates":[[[-71.028,-15.444],[-71.035,-15.454],[-71.075,-15.472],[-71.095,-15.464],[-71.125,-15.457],[-71.159,-15.443],[-71.167,-15.422],[-71.156,-15.408],[-71.149,-15.388],[-71.15,-15.371],[-71.154,-15.329],[-71.178,-15.27],[-71.173,-15.253],[-71.159,-15.226],[-71.152,-15.205],[-71.158,-15.188],[-71.16,-15.173],[-71.147,-15.15],[-71.144,-15.138],[-71.163,-15.108],[-71.173,-15.09],[-71.203,-15.073],[-71.228,-15.075],[-71.251,-15.089],[-71.271,-15.109],[-71.292,-15.119],[-71.309,-15.117],[-71.33,-15.109],[-71.353,-15.095],[-71.368,-15.073],[-71.384,-15.055],[-71.397,-15.035],[-71.411,-15.023],[-71.445,-15.005],[-71.471,-15.005],[-71.493,-15.025],[-71.494,-15.045],[-71.484,-15.067],[-71.489,-15.077],[-71.498,-15.084],[-71.526,-15.099],[-71.561,-15.122],[-71.586,-15.134],[-71.609,-15.149],[-71.631,-15.138],[-71.65,-15.122],[-71.682,-15.108],[-71.755,-15.11],[-71.802,-15.099],[-71.816,-15.069],[-71.807,-15.051],[-71.772,-15.018],[-71.75,-14.988],[-71.754,-14.969],[-71.769,-14.943],[-71.803,-14.912],[-71.823,-14.9],[-71.845,-14.88],[-71.855,-14.841],[-71.878,-14.802],[-71.921,-14.766],[-71.925,-14.7],[-71.964,-14.656],[-71.997,-14.657],[-72.017,-14.696],[-72.024,-14.74],[-72.027,-14.793],[-72.025,-14.842],[-72.049,-14.881],[-72.073,-14.88],[-72.088,-14.868],[-72.111,-14.828],[-72.14,-14.799],[-72.182,-14.799],[-72.217,-14.807],[-72.266,-14.825],[-72.334,-14.826],[-72.393,-14.82],[-72.432,-14.8],[-72.446,-14.786],[-72.482,-14.754],[-72.489,-14.735],[-72.478,-14.708],[-72.472,-14.691],[-72.523,-14.694],[-72.552,-14.698],[-72.594,-14.706],[-72.603,-14.698],[-72.617,-14.69],[-72.645,-14.688],[-72.683,-14.689],[-72.729,-14.666],[-72.756,-14.66],[-72.773,-14.663],[-72.787,-14.675],[-72.799,-14.695],[-72.818,-14.719],[-72.834,-14.732],[-72.832,-14.756],[-72.849,-14.771],[-72.881,-14.796],[-72.922,-14.796],[-72.95,-14.794],[-72.97,-14.805],[-72.989,-14.839],[-73.013,-14.869],[-73.012,-14.919],[-72.99,-14.947],[-72.979,-14.989],[-72.998,-15.039],[-73.01,-15.085],[-73.018,-15.129],[-73.043,-15.154],[-73.084,-15.193],[-73.111,-15.227],[-73.134,-15.268],[-73.148,-15.281],[-73.187,-15.305],[-73.212,-15.3],[-73.246,-15.3],[-73.286,-15.356],[-73.297,-15.387],[-73.314,-15.406],[-73.352,-15.415],[-73.391,-15.409],[-73.426,-15.395],[-73.466,-15.389],[-73.5,-15.399],[-73.522,-15.418],[-73.586,-15.427],[-73.642,-15.431],[-73.678,-15.444],[-73.695,-15.44],[-73.707,-15.425],[-73.738,-15.407],[-73.753,-15.39],[-73.781,-15.353],[-73.798,-15.335],[-73.827,-15.33],[-73.845,-15.341],[-73.868,-15.358],[-73.878,-15.373],[-73.876,-15.397],[-73.865,-15.421],[-73.867,-15.436],[-73.876,-15.45],[-73.896,-15.467],[-73.927,-15.502],[-73.972,-15.545],[-74.01,-15.607],[-74.028,-15.615],[-74.061,-15.635],[-74.071,-15.628],[-74.075,-15.612],[-74.069,-15.591],[-74.056,-15.528],[-74.037,-15.497],[-74.03,-15.478],[-74.032,-15.46],[-74.044,-15.44],[-74.065,-15.43],[-74.094,-15.427],[-74.114,-15.435],[-74.137,-15.464],[-74.166,-15.488],[-74.187,-15.501],[-74.202,-15.503],[-74.25,-15.492],[-74.285,-15.489],[-74.297,-15.483],[-74.304,-15.469],[-74.309,-15.45],[-74.307,-15.404],[-74.319,-15.372],[-74.366,-15.346],[-74.386,-15.337],[-74.397,-15.321],[-74.393,-15.301],[-74.382,-15.271],[-74.378,-15.216],[-74.378,-15.21],[-74.422,-15.182],[-74.506,-15.167],[-74.523,-15.157],[-74.548,-15.151],[-74.569,-15.154],[-74.587,-15.163],[-74.6,-15.161],[-74.624,-15.145],[-74.662,-15.137],[-74.755,-15.132],[-74.77,-15.124],[-74.779,-15.129],[-74.821,-15.15],[-74.926,-15.211],[-74.96,-15.262],[-74.985,-15.325],[-75.007,-15.372],[-75.103,-15.433],[-74.977,-15.495],[-74.917,-15.515],[-74.842,-15.562],[-74.786,-15.591],[-74.707,-15.626],[-74.629,-15.663],[-74.572,-15.686],[-74.514,-15.705],[-74.476,-15.73],[-74.446,-15.761],[-74.419,-15.804],[-74.388,-15.831],[-74.323,-15.842],[-74.277,-15.864],[-74.242,-15.889],[-74.182,-15.906],[-74.136,-15.937],[-74.081,-15.954],[-74.046,-15.98],[-74.016,-16.02],[-73.989,-16.049],[-73.905,-16.124],[-73.87,-16.149],[-73.82,-16.173],[-73.769,-16.19],[-73.735,-16.213],[-73.694,-16.244],[-73.597,-16.248],[-73.458,-16.285],[-73.366,-16.323],[-73.319,-16.349],[-73.303,-16.367],[-73.29,-16.394],[-73.265,-16.417],[-73.22,-16.422],[-73.134,-16.453],[-73.1,-16.466],[-73.05,-16.498],[-72.998,-16.517],[-72.908,-16.533],[-72.863,-16.561],[-72.822,-16.599],[-72.792,-16.621],[-72.752,-16.643],[-72.699,-16.66],[-72.585,-16.679],[-72.499,-16.703],[-72.44,-16.727],[-72.314,-16.819],[-72.271,-16.874],[-72.195,-16.939],[-72.146,-16.972],[-72.106,-17.012],[-72.088,-17.033],[-72.04,-17.043],[-71.989,-17.05],[-71.958,-17.058],[-71.921,-17.095],[-71.872,-17.151],[-71.833,-17.181],[-71.781,-17.201],[-71.714,-17.214],[-71.635,-17.242],[-71.583,-17.254],[-71.522,-17.273],[-71.483,-17.291],[-71.476,-17.297],[-71.436,-17.268],[-71.36,-17.197],[-71.318,-17.156],[-71.295,-17.124],[-71.298,-17.092],[-71.315,-17.068],[-71.369,-17.037],[-71.386,-17.023],[-71.397,-16.999],[-71.423,-16.972],[-71.432,-16.953],[-71.422,-16.934],[-71.42,-16.92],[-71.431,-16.908],[-71.436,-16.871],[-71.436,-16.819],[-71.425,-16.795],[-71.385,-16.751],[-71.351,-16.748],[-71.327,-16.762],[-71.301,-16.751],[-71.281,-16.718],[-71.268,-16.681],[-71.264,-16.645],[-71.226,-16.572],[-71.226,-16.519],[-71.196,-16.488],[-71.149,-16.492],[-71.119,-16.492],[-71.074,-16.475],[-71.046,-16.485],[-71.014,-16.504],[-70.973,-16.509],[-70.952,-16.472],[-70.952,-16.442],[-70.963,-16.402],[-70.968,-16.362],[-70.949,-16.33],[-70.917,-16.307],[-70.862,-16.282],[-70.843,-16.265],[-70.841,-16.219],[-70.851,-16.185],[-70.866,-16.151],[-70.865,-16.108],[-70.846,-16.089],[-70.81,-16.067],[-70.794,-16.024],[-70.796,-16.015],[-70.799,-15.991],[-70.817,-15.96],[-70.84,-15.928],[-70.861,-15.907],[-70.888,-15.871],[-70.894,-15.846],[-70.906,-15.834],[-70.917,-15.813],[-70.922,-15.799],[-70.919,-15.791],[-70.909,-15.779],[-70.895,-15.752],[-70.893,-15.725],[-70.902,-15.705],[-70.913,-15.661],[-70.928,-15.637],[-70.985,-15.595],[-71.001,-15.566],[-71.009,-15.539],[-70.991,-15.496],[-70.987,-15.476],[-70.996,-15.461],[-71.028,-15.444]]]}},{"type":"Feature","properties":{"depto":"18","nombre_fuente":"Moquegua"},"geometry":{"type":"Polygon","coordinates":[[[-70.796,-16.015],[-70.794,-16.024],[-70.81,-16.067],[-70.846,-16.089],[-70.865,-16.108],[-70.866,-16.151],[-70.851,-16.185],[-70.841,-16.219],[-70.843,-16.265],[-70.862,-16.282],[-70.917,-16.307],[-70.949,-16.33],[-70.968,-16.362],[-70.963,-16.402],[-70.952,-16.442],[-70.952,-16.472],[-70.973,-16.509],[-71.014,-16.504],[-71.046,-16.485],[-71.074,-16.475],[-71.119,-16.492],[-71.149,-16.492],[-71.196,-16.488],[-71.226,-16.519],[-71.226,-16.572],[-71.264,-16.645],[-71.268,-16.681],[-71.281,-16.718],[-71.301,-16.751],[-71.327,-16.762],[-71.351,-16.748],[-71.385,-16.751],[-71.425,-16.795],[-71.436,-16.819],[-71.436,-16.871],[-71.431,-16.908],[-71.42,-16.92],[-71.422,-16.934],[-71.432,-16.953],[-71.423,-16.972],[-71.397,-16.999],[-71.386,-17.023],[-71.369,-17.037],[-71.315,-17.068],[-71.298,-17.092],[-71.295,-17.124],[-71.318,-17.156],[-71.36,-17.197],[-71.436,-17.268],[-71.476,-17.297],[-71.443,-17.326],[-71.402,-17.378],[-71.364,-17.44],[-71.365,-17.468],[-71.363,-17.501],[-71.353,-17.576],[-71.331,-17.619],[-71.327,-17.642],[-71.333,-17.676],[-71.343,-17.694],[-71.357,-17.704],[-71.371,-17.711],[-71.363,-17.725],[-71.352,-17.724],[-71.341,-17.719],[-71.325,-17.716],[-71.312,-17.72],[-71.28,-17.735],[-71.248,-17.759],[-71.197,-17.778],[-71.16,-17.801],[-71.144,-17.829],[-71.121,-17.803],[-71.103,-17.779],[-71.075,-17.751],[-71.034,-17.736],[-71.009,-17.717],[-70.957,-17.708],[-70.914,-17.706],[-70.891,-17.686],[-70.876,-17.634],[-70.868,-17.599],[-70.845,-17.555],[-70.822,-17.53],[-70.761,-17.47],[-70.73,-17.432],[-70.727,-17.389],[-70.718,-17.339],[-70.698,-17.304],[-70.675,-17.27],[-70.651,-17.24],[-70.623,-17.226],[-70.564,-17.211],[-70.546,-17.21],[-70.518,-17.186],[-70.494,-17.161],[-70.455,-17.102],[-70.437,-17.067],[-70.437,-17.029],[-70.43,-16.982],[-70.431,-16.96],[-70.441,-16.921],[-70.434,-16.898],[-70.404,-16.859],[-70.369,-16.823],[-70.28,-16.79],[-70.203,-16.83],[-70.182,-16.836],[-70.18,-16.854],[-70.205,-16.868],[-70.23,-16.888],[-70.24,-16.919],[-70.236,-16.956],[-70.223,-16.975],[-70.2,-16.965],[-70.181,-16.952],[-70.142,-16.945],[-70.117,-16.942],[-70.117,-16.941],[-70.098,-16.922],[-70.077,-16.886],[-70.063,-16.84],[-70.045,-16.806],[-70.019,-16.776],[-69.991,-16.749],[-70.002,-16.663],[-70.031,-16.657],[-70.049,-16.662],[-70.098,-16.658],[-70.128,-16.642],[-70.153,-16.619],[-70.167,-16.586],[-70.187,-16.558],[-70.209,-16.542],[-70.281,-16.469],[-70.312,-16.447],[-70.348,-16.411],[-70.348,-16.363],[-70.34,-16.326],[-70.323,-16.29],[-70.312,-16.261],[-70.323,-16.23],[-70.353,-16.201],[-70.374,-16.165],[-70.393,-16.113],[-70.438,-16.057],[-70.48,-16.05],[-70.518,-16.039],[-70.536,-16.019],[-70.569,-16.009],[-70.616,-16.011],[-70.645,-16.019],[-70.669,-16.031],[-70.689,-16.037],[-70.726,-16.036],[-70.776,-16.013],[-70.796,-16.015]]]}},{"type":"Feature","properties":{"depto":"23","nombre_fuente":"Tacna"},"geometry":{"type":"Polygon","coordinates":[[[-70.117,-16.942],[-70.142,-16.945],[-70.181,-16.952],[-70.2,-16.965],[-70.223,-16.975],[-70.236,-16.956],[-70.24,-16.919],[-70.23,-16.888],[-70.205,-16.868],[-70.18,-16.854],[-70.182,-16.836],[-70.203,-16.83],[-70.28,-16.79],[-70.369,-16.823],[-70.404,-16.859],[-70.434,-16.898],[-70.441,-16.921],[-70.431,-16.96],[-70.43,-16.982],[-70.437,-17.029],[-70.437,-17.067],[-70.455,-17.102],[-70.494,-17.161],[-70.518,-17.186],[-70.546,-17.21],[-70.564,-17.211],[-70.623,-17.226],[-70.651,-17.24],[-70.675,-17.27],[-70.698,-17.304],[-70.718,-17.339],[-70.727,-17.389],[-70.73,-17.432],[-70.761,-17.47],[-70.822,-17.53],[-70.845,-17.555],[-70.868,-17.599],[-70.876,-17.634],[-70.891,-17.686],[-70.914,-17.706],[-70.957,-17.708],[-71.009,-17.717],[-71.034,-17.736],[-71.075,-17.751],[-71.103,-17.779],[-71.121,-17.803],[-71.144,-17.829],[-71.143,-17.832],[-71.066,-17.877],[-71.034,-17.887],[-70.992,-17.907],[-70.95,-17.921],[-70.924,-17.944],[-70.91,-17.952],[-70.871,-18.0],[-70.844,-18.037],[-70.803,-18.06],[-70.772,-18.083],[-70.717,-18.129],[-70.694,-18.15],[-70.641,-18.193],[-70.538,-18.261],[-70.481,-18.292],[-70.437,-18.32],[-70.388,-18.355],[-70.356,-18.359],[-70.321,-18.348],[-70.289,-18.336],[-70.222,-18.333],[-70.098,-18.32],[-70.05,-18.298],[-69.981,-18.293],[-69.937,-18.275],[-69.88,-18.222],[-69.846,-18.201],[-69.821,-18.173],[-69.784,-18.119],[-69.767,-18.077],[-69.748,-18.039],[-69.749,-17.949],[-69.774,-17.89],[-69.78,-17.863],[-69.786,-17.815],[-69.794,-17.786],[-69.809,-17.772],[-69.818,-17.735],[-69.815,-17.709],[-69.785,-17.679],[-69.75,-17.667],[-69.691,-17.67],[-69.62,-17.657],[-69.551,-17.615],[-69.49,-17.563],[-69.473,-17.534],[-69.467,-17.509],[-69.464,-17.451],[-69.473,-17.386],[-69.498,-17.353],[-69.526,-17.334],[-69.58,-17.303],[-69.612,-17.308],[-69.635,-17.296],[-69.696,-17.302],[-69.719,-17.314],[-69.729,-17.299],[-69.75,-17.282],[-69.789,-17.262],[-69.839,-17.252],[-69.884,-17.241],[-69.932,-17.213],[-69.981,-17.166],[-70.008,-17.145],[-70.027,-17.112],[-70.033,-17.068],[-70.048,-17.044],[-70.085,-17.025],[-70.104,-16.985],[-70.117,-16.942]]]}},{"type":"Feature","properties":{"depto":"16","nombre_fuente":"Loreto"},"geometry":{"type":"Polygon","coordinates":[[[-77.712,-5.378],[-77.698,-5.388],[-77.673,-5.401],[-77.641,-5.412],[-77.63,-5.425],[-77.618,-5.435],[-77.599,-5.433],[-77.582,-5.422],[-77.56,-5.418],[-77.538,-5.426],[-77.519,-5.45],[-77.504,-5.487],[-77.494,-5.517],[-77.477,-5.538],[-77.453,-5.547],[-77.421,-5.549],[-77.392,-5.558],[-77.374,-5.569],[-77.347,-5.579],[-77.311,-5.581],[-77.29,-5.579],[-77.258,-5.566],[-77.247,-5.57],[-77.216,-5.6],[-77.191,-5.613],[-77.12,-5.616],[-77.088,-5.627],[-77.032,-5.661],[-76.995,-5.685],[-76.96,-5.713],[-76.917,-5.735],[-76.879,-5.757],[-76.851,-5.768],[-76.824,-5.783],[-76.812,-5.8],[-76.802,-5.819],[-76.782,-5.87],[-76.771,-5.902],[-76.754,-5.969],[-76.739,-5.991],[-76.712,-6.014],[-76.694,-6.021],[-76.672,-6.009],[-76.638,-5.999],[-76.599,-5.999],[-76.569,-6.004],[-76.539,-6.005],[-76.52,-6.0],[-76.477,-5.973],[-76.453,-5.963],[-76.42,-5.94],[-76.391,-5.943],[-76.375,-5.958],[-76.361,-5.981],[-76.35,-6.003],[-76.343,-6.034],[-76.33,-6.063],[-76.308,-6.089],[-76.276,-6.11],[-76.242,-6.127],[-76.183,-6.138],[-76.103,-6.123],[-76.08,-6.101],[-76.063,-6.088],[-76.019,-6.079],[-75.977,-6.082],[-75.954,-6.096],[-75.917,-6.126],[-75.884,-6.13],[-75.853,-6.129],[-75.83,-6.118],[-75.805,-6.11],[-75.784,-6.111],[-75.766,-6.12],[-75.736,-6.128],[-75.712,-6.123],[-75.667,-6.099],[-75.628,-6.062],[-75.609,-6.04],[-75.592,-6.03],[-75.576,-6.025],[-75.553,-6.034],[-75.541,-6.056],[-75.538,-6.116],[-75.54,-6.15],[-75.526,-6.178],[-75.505,-6.208],[-75.497,-6.245],[-75.497,-6.267],[-75.536,-6.31],[-75.552,-6.334],[-75.551,-6.362],[-75.542,-6.409],[-75.536,-6.433],[-75.524,-6.455],[-75.516,-6.479],[-75.517,-6.504],[-75.537,-6.538],[-75.539,-6.552],[-75.548,-6.577],[-75.549,-6.584],[-75.542,-6.622],[-75.541,-6.647],[-75.536,-6.664],[-75.533,-6.687],[-75.535,-6.711],[-75.526,-6.739],[-75.516,-6.756],[-75.536,-6.789],[-75.571,-6.818],[-75.676,-6.84],[-75.688,-6.854],[-75.71,-6.869],[-75.734,-6.877],[-75.763,-6.866],[-75.793,-6.849],[-75.828,-6.824],[-75.854,-6.801],[-75.887,-6.795],[-75.968,-6.793],[-76.015,-6.795],[-76.043,-6.803],[-76.06,-6.814],[-76.052,-6.836],[-76.038,-6.852],[-76.016,-6.898],[-76.031,-6.909],[-76.052,-6.93],[-76.047,-6.951],[-76.034,-6.975],[-76.005,-7.005],[-76.002,-7.046],[-76.01,-7.076],[-76.025,-7.107],[-76.047,-7.138],[-76.092,-7.175],[-76.137,-7.203],[-76.172,-7.244],[-76.186,-7.279],[-76.199,-7.299],[-76.207,-7.327],[-76.216,-7.386],[-76.214,-7.414],[-76.2,-7.444],[-76.167,-7.491],[-76.08,-7.576],[-76.089,-7.609],[-76.09,-7.65],[-76.092,-7.671],[-76.093,-7.701],[-76.086,-7.738],[-76.062,-7.785],[-76.036,-7.816],[-76.004,-7.867],[-76.0,-7.887],[-75.991,-7.913],[-75.967,-7.929],[-75.928,-7.93],[-75.888,-7.925],[-75.856,-7.951],[-75.839,-7.996],[-75.846,-8.038],[-75.881,-8.068],[-75.906,-8.078],[-75.926,-8.09],[-75.941,-8.11],[-75.944,-8.127],[-75.935,-8.151],[-75.933,-8.2],[-75.923,-8.245],[-75.933,-8.267],[-75.949,-8.285],[-75.971,-8.301],[-76.003,-8.314],[-75.994,-8.323],[-75.978,-8.347],[-75.968,-8.363],[-75.959,-8.387],[-75.958,-8.416],[-75.961,-8.435],[-75.963,-8.466],[-75.963,-8.514],[-75.966,-8.552],[-75.974,-8.586],[-75.978,-8.616],[-75.977,-8.645],[-75.968,-8.677],[-75.955,-8.701],[-75.954,-8.701],[-75.925,-8.696],[-75.882,-8.673],[-75.828,-8.632],[-75.794,-8.583],[-75.777,-8.521],[-75.767,-8.499],[-75.753,-8.488],[-75.722,-8.471],[-75.712,-8.454],[-75.695,-8.436],[-75.662,-8.409],[-75.647,-8.402],[-75.613,-8.399],[-75.572,-8.405],[-75.527,-8.416],[-75.501,-8.425],[-75.482,-8.436],[-75.461,-8.435],[-75.447,-8.417],[-75.45,-8.39],[-75.474,-8.355],[-75.497,-8.331],[-75.514,-8.31],[-75.522,-8.289],[-75.516,-8.27],[-75.484,-8.229],[-75.471,-8.22],[-75.421,-8.173],[-75.396,-8.155],[-75.361,-8.146],[-75.325,-8.124],[-75.305,-8.119],[-75.258,-8.137],[-75.235,-8.126],[-75.224,-8.101],[-75.213,-8.069],[-75.171,-8.012],[-75.147,-8.007],[-75.121,-7.999],[-75.09,-7.983],[-75.061,-7.977],[-75.029,-7.976],[-75.006,-7.982],[-74.989,-7.993],[-74.917,-8.002],[-74.894,-8.009],[-74.867,-8.026],[-74.839,-8.015],[-74.794,-8.005],[-74.737,-7.997],[-74.711,-7.974],[-74.68,-7.964],[-74.642,-7.924],[-74.558,-7.806],[-74.536,-7.78],[-74.528,-7.752],[-74.549,-7.725],[-74.567,-7.692],[-74.569,-7.671],[-74.574,-7.64],[-74.628,-7.578],[-74.649,-7.55],[-74.639,-7.511],[-74.624,-7.485],[-74.557,-7.343],[-74.529,-7.31],[-74.509,-7.293],[-74.484,-7.282],[-74.452,-7.279],[-74.394,-7.302],[-74.317,-7.353],[-74.262,-7.383],[-74.208,-7.44],[-74.163,-7.452],[-74.081,-7.464],[-74.037,-7.483],[-73.974,-7.542],[-73.955,-7.515],[-73.936,-7.493],[-73.935,-7.465],[-73.927,-7.448],[-73.94,-7.41],[-73.962,-7.38],[-73.974,-7.356],[-73.973,-7.334],[-73.951,-7.325],[-73.926,-7.339],[-73.897,-7.338],[-73.865,-7.342],[-73.826,-7.334],[-73.795,-7.315],[-73.769,-7.306],[-73.774,-7.286],[-73.789,-7.257],[-73.814,-7.227],[-73.844,-7.2],[-73.882,-7.173],[-73.883,-7.141],[-73.869,-7.116],[-73.85,-7.093],[-73.829,-7.073],[-73.802,-7.056],[-73.775,-7.037],[-73.747,-7.024],[-73.728,-7.001],[-73.749,-6.942],[-73.737,-6.907],[-73.715,-6.869],[-73.7,-6.837],[-73.679,-6.807],[-73.63,-6.753],[-73.599,-6.724],[-73.494,-6.659],[-73.427,-6.636],[-73.383,-6.615],[-73.362,-6.595],[-73.291,-6.584],[-73.229,-6.578],[-73.197,-6.55],[-73.175,-6.524],[-73.13,-6.488],[-73.094,-6.406],[-73.111,-6.371],[-73.125,-6.35],[-73.141,-6.337],[-73.152,-6.306],[-73.16,-6.269],[-73.178,-6.238],[-73.224,-6.166],[-73.242,-6.123],[-73.239,-6.099],[-73.224,-6.065],[-73.183,-5.963],[-73.163,-5.905],[-73.14,-5.854],[-73.098,-5.811],[-73.052,-5.768],[-73.021,-5.73],[-73.007,-5.707],[-72.976,-5.673],[-72.976,-5.625],[-72.959,-5.588],[-72.946,-5.534],[-72.962,-5.493],[-72.959,-5.448],[-72.945,-5.419],[-72.919,-5.376],[-72.903,-5.341],[-72.895,-5.311],[-72.869,-5.29],[-72.867,-5.243],[-72.88,-5.163],[-72.863,-5.143],[-72.836,-5.124],[-72.771,-5.084],[-72.744,-5.056],[-72.713,-5.036],[-72.673,-5.027],[-72.645,-5.043],[-72.627,-5.048],[-72.62,-5.03],[-72.585,-4.978],[-72.554,-4.957],[-72.512,-4.932],[-72.48,-4.915],[-72.416,-4.878],[-72.385,-4.841],[-72.369,-4.809],[-72.36,-4.798],[-72.325,-4.779],[-72.222,-4.758],[-72.176,-4.739],[-72.139,-4.712],[-72.068,-4.667],[-72.056,-4.648],[-72.027,-4.628],[-71.993,-4.607],[-71.974,-4.591],[-71.946,-4.57],[-71.935,-4.556],[-71.922,-4.53],[-71.898,-4.509],[-71.87,-4.499],[-71.844,-4.492],[-71.822,-4.491],[-71.802,-4.479],[-71.784,-4.464],[-71.758,-4.453],[-71.739,-4.455],[-71.71,-4.48],[-71.691,-4.49],[-71.675,-4.477],[-71.669,-4.464],[-71.646,-4.461],[-71.637,-4.469],[-71.614,-4.474],[-71.589,-4.492],[-71.567,-4.495],[-71.552,-4.485],[-71.526,-4.46],[-71.493,-4.441],[-71.484,-4.438],[-71.46,-4.418],[-71.431,-4.411],[-71.416,-4.42],[-71.397,-4.426],[-71.369,-4.406],[-71.332,-4.402],[-71.296,-4.417],[-71.278,-4.412],[-71.237,-4.369],[-71.2,-4.374],[-71.179,-4.386],[-71.165,-4.375],[-71.094,-4.365],[-71.073,-4.353],[-71.029,-4.363],[-70.996,-4.365],[-70.975,-4.349],[-70.961,-4.347],[-70.938,-4.356],[-70.917,-4.341],[-70.9,-4.324],[-70.887,-4.299],[-70.846,-4.254],[-70.836,-4.227],[-70.813,-4.184],[-70.77,-4.158],[-70.735,-4.139],[-70.712,-4.143],[-70.659,-4.167],[-70.631,-4.136],[-70.607,-4.143],[-70.577,-4.157],[-70.559,-4.177],[-70.534,-4.163],[-70.506,-4.138],[-70.465,-4.147],[-70.45,-4.132],[-70.434,-4.121],[-70.382,-4.105],[-70.338,-4.122],[-70.304,-4.14],[-70.28,-4.165],[-70.272,-4.208],[-70.26,-4.26],[-70.206,-4.296],[-70.171,-4.316],[-70.147,-4.293],[-70.12,-4.258],[-70.093,-4.245],[-70.068,-4.256],[-70.041,-4.286],[-70.024,-4.313],[-69.985,-4.341],[-69.966,-4.361],[-69.957,-4.357],[-69.964,-4.322],[-69.964,-4.304],[-69.95,-4.265],[-69.95,-4.232],[-69.954,-4.218],[-69.985,-4.169],[-70.021,-4.126],[-70.053,-4.083],[-70.08,-4.068],[-70.114,-4.044],[-70.146,-4.018],[-70.165,-3.996],[-70.163,-3.956],[-70.18,-3.897],[-70.202,-3.877],[-70.242,-3.86],[-70.27,-3.84],[-70.29,-3.814],[-70.311,-3.792],[-70.341,-3.785],[-70.376,-3.798],[-70.41,-3.829],[-70.44,-3.845],[-70.47,-3.857],[-70.498,-3.857],[-70.547,-3.837],[-70.572,-3.819],[-70.604,-3.81],[-70.645,-3.805],[-70.674,-3.794],[-70.71,-3.792],[-70.076,-2.8],[-70.061,-2.781],[-70.045,-2.741],[-70.048,-2.726],[-70.061,-2.702],[-70.066,-2.639],[-70.08,-2.646],[-70.085,-2.661],[-70.104,-2.68],[-70.131,-2.679],[-70.138,-2.661],[-70.177,-2.633],[-70.203,-2.611],[-70.213,-2.575],[-70.224,-2.547],[-70.261,-2.524],[-70.297,-2.533],[-70.322,-2.547],[-70.323,-2.518],[-70.314,-2.504],[-70.309,-2.488],[-70.318,-2.474],[-70.342,-2.465],[-70.378,-2.497],[-70.418,-2.504],[-70.433,-2.483],[-70.45,-2.45],[-70.502,-2.444],[-70.506,-2.424],[-70.546,-2.41],[-70.552,-2.421],[-70.572,-2.451],[-70.6,-2.458],[-70.628,-2.44],[-70.628,-2.417],[-70.644,-2.391],[-70.665,-2.344],[-70.689,-2.313],[-70.745,-2.3],[-70.773,-2.281],[-70.806,-2.268],[-70.82,-2.261],[-70.841,-2.226],[-70.859,-2.202],[-70.876,-2.201],[-70.883,-2.216],[-70.905,-2.231],[-70.914,-2.24],[-70.927,-2.222],[-70.944,-2.214],[-70.965,-2.201],[-70.98,-2.203],[-70.989,-2.222],[-70.987,-2.268],[-71.009,-2.275],[-71.024,-2.27],[-71.044,-2.257],[-71.076,-2.258],[-71.108,-2.269],[-71.124,-2.286],[-71.132,-2.321],[-71.158,-2.336],[-71.177,-2.349],[-71.204,-2.342],[-71.232,-2.327],[-71.261,-2.327],[-71.289,-2.33],[-71.303,-2.341],[-71.322,-2.349],[-71.373,-2.363],[-71.379,-2.386],[-71.394,-2.381],[-71.412,-2.328],[-71.424,-2.303],[-71.442,-2.272],[-71.457,-2.26],[-71.472,-2.264],[-71.486,-2.313],[-71.503,-2.301],[-71.509,-2.28],[-71.514,-2.253],[-71.521,-2.227],[-71.548,-2.217],[-71.581,-2.209],[-71.611,-2.198],[-71.639,-2.181],[-71.667,-2.185],[-71.683,-2.196],[-71.709,-2.19],[-71.713,-2.168],[-71.715,-2.144],[-71.71,-2.125],[-71.726,-2.131],[-71.743,-2.146],[-71.76,-2.149],[-71.785,-2.163],[-71.823,-2.198],[-71.844,-2.226],[-71.852,-2.255],[-71.87,-2.281],[-71.887,-2.29],[-71.92,-2.317],[-71.943,-2.345],[-71.978,-2.352],[-72.002,-2.347],[-72.03,-2.328],[-72.064,-2.335],[-72.081,-2.346],[-72.122,-2.396],[-72.125,-2.446],[-72.138,-2.454],[-72.15,-2.444],[-72.168,-2.434],[-72.195,-2.428],[-72.237,-2.427],[-72.271,-2.436],[-72.298,-2.451],[-72.32,-2.456],[-72.341,-2.457],[-72.36,-2.454],[-72.383,-2.443],[-72.395,-2.43],[-72.417,-2.413],[-72.439,-2.408],[-72.475,-2.397],[-72.507,-2.39],[-72.544,-2.376],[-72.553,-2.364],[-72.577,-2.351],[-72.601,-2.342],[-72.635,-2.373],[-72.649,-2.397],[-72.676,-2.408],[-72.694,-2.409],[-72.708,-2.403],[-72.739,-2.392],[-72.764,-2.378],[-72.774,-2.375],[-72.789,-2.383],[-72.799,-2.391],[-72.818,-2.403],[-72.843,-2.412],[-72.881,-2.421],[-72.921,-2.411],[-72.94,-2.389],[-72.948,-2.375],[-72.957,-2.355],[-72.987,-2.332],[-73.013,-2.322],[-73.052,-2.314],[-73.085,-2.301],[-73.113,-2.283],[-73.143,-2.239],[-73.166,-2.198],[-73.164,-2.177],[-73.145,-2.151],[-73.119,-2.13],[-73.103,-2.104],[-73.088,-2.069],[-73.091,-2.03],[-73.116,-1.961],[-73.117,-1.909],[-73.122,-1.878],[-73.132,-1.841],[-73.146,-1.82],[-73.152,-1.804],[-73.167,-1.774],[-73.188,-1.76],[-73.221,-1.749],[-73.252,-1.772],[-73.279,-1.784],[-73.316,-1.795],[-73.334,-1.792],[-73.365,-1.772],[-73.42,-1.761],[-73.464,-1.728],[-73.485,-1.715],[-73.526,-1.687],[-73.525,-1.651],[-73.485,-1.606],[-73.472,-1.556],[-73.476,-1.502],[-73.503,-1.468],[-73.528,-1.423],[-73.568,-1.372],[-73.585,-1.325],[-73.604,-1.287],[-73.656,-1.235],[-73.685,-1.219],[-73.737,-1.207],[-73.76,-1.21],[-73.775,-1.222],[-73.793,-1.23],[-73.811,-1.218],[-73.845,-1.208],[-73.875,-1.18],[-73.911,-1.119],[-73.931,-1.11],[-73.957,-1.096],[-73.982,-1.071],[-74.002,-1.024],[-74.008,-1.004],[-74.025,-1.005],[-74.049,-1.041],[-74.073,-1.031],[-74.101,-1.013],[-74.126,-1.004],[-74.168,-0.992],[-74.197,-0.981],[-74.239,-0.97],[-74.258,-0.953],[-74.277,-0.925],[-74.28,-0.872],[-74.287,-0.85],[-74.273,-0.821],[-74.268,-0.795],[-74.283,-0.769],[-74.308,-0.743],[-74.335,-0.727],[-74.349,-0.721],[-74.368,-0.706],[-74.363,-0.678],[-74.351,-0.647],[-74.361,-0.624],[-74.373,-0.6],[-74.396,-0.535],[-74.418,-0.507],[-74.449,-0.473],[-74.479,-0.457],[-74.518,-0.431],[-74.545,-0.409],[-74.566,-0.38],[-74.594,-0.355],[-74.616,-0.348],[-74.686,-0.337],[-74.71,-0.321],[-74.723,-0.304],[-74.752,-0.255],[-74.764,-0.225],[-74.778,-0.169],[-74.803,-0.162],[-74.831,-0.172],[-74.847,-0.186],[-74.879,-0.204],[-74.909,-0.199],[-74.938,-0.187],[-75.017,-0.121],[-75.065,-0.07],[-75.102,-0.049],[-75.175,-0.014],[-75.192,-0.014],[-75.22,-0.041],[-75.251,-0.08],[-75.296,-0.108],[-75.371,-0.138],[-75.431,-0.138],[-75.458,-0.13],[-75.493,-0.111],[-75.537,-0.093],[-75.584,-0.089],[-75.612,-0.093],[-75.622,-0.138],[-75.61,-0.176],[-75.585,-0.201],[-75.524,-0.232],[-75.5,-0.248],[-75.471,-0.286],[-75.45,-0.328],[-75.42,-0.359],[-75.369,-0.427],[-75.314,-0.472],[-75.291,-0.489],[-75.26,-0.526],[-75.233,-0.575],[-75.233,-0.614],[-75.247,-0.651],[-75.267,-0.685],[-75.269,-0.738],[-75.262,-0.79],[-75.234,-0.831],[-75.233,-0.873],[-75.218,-0.926],[-75.22,-0.944],[-75.275,-0.963],[-75.307,-0.962],[-75.319,-0.954],[-75.344,-0.941],[-75.371,-0.913],[-75.554,-1.53],[-76.037,-2.115],[-76.644,-2.572],[-77.826,-2.981],[-77.823,-2.986],[-77.816,-3.007],[-77.786,-3.143],[-77.78,-3.41],[-77.759,-3.469],[-77.728,-3.511],[-77.696,-3.546],[-77.669,-3.562],[-77.648,-3.592],[-77.639,-3.672],[-77.637,-3.804],[-77.612,-3.85],[-77.573,-3.88],[-77.555,-3.925],[-77.547,-3.966],[-77.534,-4.017],[-77.533,-4.062],[-77.557,-4.105],[-77.566,-4.136],[-77.574,-4.178],[-77.587,-4.217],[-77.598,-4.255],[-77.582,-4.306],[-77.572,-4.392],[-77.574,-4.419],[-77.58,-4.435],[-77.6,-4.46],[-77.62,-4.48],[-77.628,-4.484],[-77.645,-4.512],[-77.651,-4.539],[-77.666,-4.562],[-77.669,-4.58],[-77.677,-4.608],[-77.687,-4.629],[-77.705,-4.641],[-77.736,-4.671],[-77.775,-4.711],[-77.792,-4.752],[-77.802,-4.767],[-77.811,-4.786],[-77.819,-4.814],[-77.815,-4.836],[-77.792,-4.873],[-77.768,-4.907],[-77.751,-4.945],[-77.748,-4.966],[-77.744,-4.987],[-77.724,-5.027],[-77.719,-5.05],[-77.711,-5.195],[-77.702,-5.228],[-77.692,-5.245],[-77.684,-5.281],[-77.685,-5.316],[-77.689,-5.349],[-77.704,-5.373],[-77.712,-5.378]]]}}]}